-- phpMyAdmin SQL Dump
-- version 4.9.0.1
-- https://www.phpmyadmin.net/
--
-- Máy chủ: 127.0.0.1
-- Thời gian đã tạo: Th8 28, 2019 lúc 03:53 PM
-- Phiên bản máy phục vụ: 10.3.15-MariaDB
-- Phiên bản PHP: 7.3.6

SET SQL_MODE = "NO_AUTO_VALUE_ON_ZERO";
SET AUTOCOMMIT = 0;
START TRANSACTION;
SET time_zone = "+00:00";


/*!40101 SET @OLD_CHARACTER_SET_CLIENT=@@CHARACTER_SET_CLIENT */;
/*!40101 SET @OLD_CHARACTER_SET_RESULTS=@@CHARACTER_SET_RESULTS */;
/*!40101 SET @OLD_COLLATION_CONNECTION=@@COLLATION_CONNECTION */;
/*!40101 SET NAMES utf8mb4 */;

--
-- Cơ sở dữ liệu: `news_website`
--

-- --------------------------------------------------------

--
-- Cấu trúc bảng cho bảng `articles`
--

CREATE TABLE `articles` (
  `id` int(11) NOT NULL,
  `category_id` int(11) NOT NULL,
  `user_id` int(11) NOT NULL,
  `title` varchar(255) NOT NULL,
  `image` text DEFAULT NULL,
  `description` varchar(255) NOT NULL,
  `content` text NOT NULL,
  `posting_date` date NOT NULL,
  `view` int(11) DEFAULT NULL,
  `source` varchar(255) DEFAULT NULL,
  `status_id` int(11) NOT NULL,
  `created` timestamp NULL DEFAULT NULL,
  `modified` timestamp NULL DEFAULT NULL
) ENGINE=InnoDB DEFAULT CHARSET=utf8;

--
-- Đang đổ dữ liệu cho bảng `articles`
--

INSERT INTO `articles` (`id`, `category_id`, `user_id`, `title`, `image`, `description`, `content`, `posting_date`, `view`, `source`, `status_id`, `created`, `modified`) VALUES
(2, 8, 28, 'Thiết kế của iPhone 11 với cụm camera sau hình vuông và màn hình tai thỏ vừa được xác nhận', 'photo-1-15607383537801313443278-crop-1560738377658485705944.jpg\r\nphoto-1-15607383590461086064541.jpg\r\nphoto-1-1560738367357160807680.jpg', 'Thiết kế của iPhone 11 đã được xác nhận.', 'Theo những báo cáo và thông tin rò rỉ thời gian vừa qua, chúng ta được biết rằng iPhone 11 sẽ có thay đổi lớn ở cụm camera sau. Apple sẽ đặt 3 ống kính camera sau và đèn flash LED bên trong một module hình vuông rất lớn. Bên cạnh đó, iPhone 11 vẫn sẽ giữ thiết kế tai thỏ từ thời iPhone X.\r\n\r\nVừa mới đây, nhà sản xuất phụ kiện Olixar đã xác nhận những thông tin trên là thật. Olixar đã giới thiệu bộ kính bảo vệ camera sau cho iPhone 11, bao gồm 3 phiên bản khác nhau. Bên cạnh đó, nhà sản xuất phụ kiện này cũng có cả kính cường lực bảo vệ màn hình cho iPhone 11.\r\n\r\nThiết kế của iPhone 11 với cụm camera sau hình vuông và màn hình tai thỏ vừa được xác nhận - Ảnh 1.\r\nMobile Fun UK là một nhà bán lẻ tại Anh, đã đặt hàng trước những phụ kiện này và tiết lộ thông tin trên. Mobile Fun UK cho biết Olixar đã sản xuất hàng loạt các phụ kiện này và sẵn sàng để phân phối tới các nhà bán lẻ. Vì vậy chúng ta có thể khá chắc chắn rằng những thông tin trên là đáng tin cậy.\r\n\r\nThiết kế của iPhone 11 với cụm camera sau hình vuông và màn hình tai thỏ vừa được xác nhận - Ảnh 2.\r\niPhone 11 và iPhone 11 Max sẽ có thiết kế cụm camera sau giống nhau. Trong khi đó, iPhone 11R sẽ chỉ có 2 camera sau, do đó module hình vuông cũng nhỏ hơn. Vị trí của các ống kính camera cũng được xác nhận, với 3 ống kính sẽ xếp theo hình tam giác và 2 ống kính (iPhone 11R) sẽ xếp theo chiều dọc. Đèn flash LED sẽ nằm lệch về phía trên bên phải.\r\n\r\nTấm kính bảo vệ màn hình của Olixar cũng xác nhận thiết kế tai thỏ trên iPhone 11. Tuy nhiên có một điểm khác biệt ở tấm lưới loa thoại, có vẻ như dày hơn gấp đôi so với trước đây. Theo những tin đồn thì Apple sẽ cải tiến Face ID với các cảm biến mới, rất có thể kích thước của rãnh tai thỏ sẽ thay đổi.\r\n\r\nThiết kế của iPhone 11 với cụm camera sau hình vuông và màn hình tai thỏ vừa được xác nhận - Ảnh 3.\r\niPhone 11 hứa hẹn sẽ được ra mắt vào khoảng cuối tháng 9. Tuy nhiên cho đến bây giờ chúng ta vẫn chưa được biết tên gọi chính thức của những chiếc iPhone này. Không rõ sau cách đặt tên bằng chữ với iPhone X và XS, Apple có quay lại với cách đặt tên số quen thuộc hay không?', '2019-06-17', 14, 'http://genk.vn/thiet-ke-cua-iphone-11-voi-cum-camera-sau-hinh-vuong-va-man-hinh-tai-tho-vua-duoc-xac-nhan-20190617092656093.chn', 1, NULL, '2019-07-06 09:25:18'),
(3, 9, 102, 'Samsung \"rút chân\" khỏi thị trường Trung Quốc, Việt Nam có cơ hội gì?', 'photo-1-15609067892871826451482.jpg', 'Samsung đã lên kế hoạch đóng cửa nhà máy cuối cùng tại Trung Quốc, theo tờ South China Moring Post. Khu tổ hợp nhà máy ở Huệ Châu là nơi cung cấp 1/5 tổng địện thoại bán ra tại Trung Quốc năm 2011.', 'South China Moring Post cho biết thị phần của Samsung tại Trung Quốc năm 2018 đã giảm chỉ còn 1% trước sự cạnh tranh gay gắt của các đối thủ nội địa, gồm Xiaomi, Huawei, Oppo.\r\n\r\nTrong quý I/2019, lượng xuất khẩu điện thoại của hãng này từ Huệ Châu đã giảm 20,1% so với cùng kỳ năm 2018. Vào thời hoàng kim, khi Samsung đứng đầu thế giới về doanh số điện thoại thông minh, tổ hợp nhà máy ở Huệ Châu sản xuất ra 70,14 triệu thiết bị di động.\r\n\r\nCuối năm 2018, Samsung đã đóng cửa nhà máy ở Thiên Tân khiến cho 2.600 công nhân phải nghỉ việc, sau khi đóng của nhà máy ở Thâm Quyến một vài tháng trước đó.\r\n\r\nViệc Samsung liên tiếp đóng cửa các nhà máy khiến nhiều câu hỏi đặt ra về vị thế của công xưởng thế giới của Trung Quốc, cũng như việc Samsung sẽ chọn nước thứ 3 nào để sản xuất.\r\n\r\nTrái với động thái thu hẹp và sau đó rút chân khỏi thị trường tỷ dân, Samsung đang ngày càng mở rộng sản xuất ở Ấn Độ và Việt Nam. Bên cạnh những lợi thế chung về nguồn lao động dồi dào, giá rẻ, chuộng sản phẩm của Samsung, Ấn Độ và Việt Nam có rất nhiều điểm để cạnh tranh nhau trong việc thu hút ông lớn smartphone này.\r\n\r\nSamsung rút chân khỏi thị trường Trung Quốc, Việt Nam có cơ hội gì? - Ảnh 1.\r\n\r\nẤn Độ được đánh giá là thị trường smartphone quy mô lớn. Từ năm 2017, nước này đã vượt Mỹ trở thành nơi tiêu thụ điện thoại di động thông minh lớn thứ 2 trên thế giới, chỉ sau Trung Quốc. Năm 2021, Ấn Độ được dự báo sẽ tiêu thụ khoảng 780 triệu smartphone, tăng gấp đôi so với năm 2016.\r\n\r\nChi phí sản xuất ở Ấn Độ theo Reuters cũng thấp hơn nhờ quy mô lớn. Điện thoại làm ra ở nước này cũng không phải chịu thuế nhập khẩu. Mức thuế đối với smartphone nhập khẩu khoảng 20%.\r\n\r\nNếu tính quy mô thị trường, Việt Nam với khoảng 100 triệu dân sẽ không thể so sánh với 1,3 tỷ dân Ấn Độ. Nhưng Việt Nam lại là một điểm đến hấp dẫn. Khi Samsung cho biết sẽ đóng cửa nhá máy ở Thiên Tân, tờ The Economist đã đánh giá Việt Nam sẽ là lựa chọn tốt cho hãng điện thoại này. Khác với nhiều quốc gia khác có xu hướng nhập khẩu nguyên liệu hoặc linh kiện sang Trung Quốc để lắp ráp sản phẩm, Việt Nam chủ yếu xuất khẩu thành phẩm hoàn chỉnh.\r\n\r\nTh.S Nguyễn Bình Minh, Phó trưởng khoa Thương mại điện tử - Đại học Thương Mại từng nhận định môi trường Việt Nam có tính ổn định cũng như Samsung có quan hệ gắn kết lâu đời tại đây. Do đó, khi đến Việt Nam, Samsung không phải cân đo đong đếm lợi ích nhiều, bản thân doanh nghiệp đã được tạo rất nhiều điều kiện để phát triển.\r\n\r\nTheo GS. Nguyễn Mại, Việt Nam kể từ năm 2016, trung tâm R&D của Samsung tại Việt Nam đã nghiên cứu và làm thành công một chiếc điện thoại, thay vì chỉ một vài chi tiết như thời gian trước đó. Chiếc điện thoại được nghiên cứu, sáng tạo bởi người Việt về sau được giới thiệu và có được hiệu ứng tốt.\r\n\r\nLãnh đạo của Samsung cũng nhiều lần khẳng định Việt Nam là cứ điểm chiến lược lớn nhất toàn cầu của doanh nghiệp này không chỉ trong sản xuất mà còn trong nghiên cứu và phát triển.\r\n\r\n\"Việt Nam không chỉ là nơi sản xuất mà còn là nơi phát triển các linh kiện và là nơi đặt trung tâm nghiên cứu để phát triển công nghệ cho kỷ nguyên mới. Các trung tâm nghiên cứu cũng không ngừng được mở rộng quy mô\", ông DJ Koh chủ tịch kiêm CEO mảng Kinh doanh Di động của Samsung nói với báo chí hồi tháng 4/2019.\r\n\r\n\"Với việc phát triển phần mềm song song với nhà máy sản xuất phần cứng, Việt Nam đang trở thành địa điểm chiến lược của Samsung\", ông cho biết thêm\r\n\r\nBáo cáo với Thủ tướng Nguyễn Xuân Phúc hôm 14/6, TGĐ Tổ hợp Samsung Việt Nam Choi Joo Ho cho biết doanh thu của Samsung Việt Nam đạt 28,5 tỷ USD, xuất khẩu đạt 24 tỷ USD tính đến cuối tháng 5/2019. Dự kiến cả năm 2019, doanh thu của Tổ hợp đạt 73,5 tỷ USD, xuất khẩu đạt 63,5 tỷ USD, tăng trưởng 5% so với năm 2018.\r\n\r\nSamsung cũng đang triển khai kế hoạch xây dựng tòa nhà trung tâm nghiên cứu và phát triển của Samsung tại Việt Nam.\r\n\r\nHiện doanh nghiệp này đã tiến hành các thủ tục cần thiết để xây dựng trung tâm tại Hà Nội và khi đi vào hoạt động, trung tâm có quy mô tới 3.000 người, sẽ là cơ sở nghiên cứu và phát triển lớn nhất tại Đông Nam Á.\r\n\r\nMột điều đặc biệt hơn, Samsung cũng đã mời gọi các doanh nghiệp công nghệ lớn của nước này tham gia đầu tư vào Việt Nam, ví dụ dự án 500 triệu USD tại Bắc Giang của một doanh nghiệp Hàn Quốc trong lĩnh vực chất bán dẫn.', '2019-06-19', 20, 'http://genk.vn/samsung-rut-chan-khoi-thi-truong-trung-quoc-viet-nam-co-co-hoi-gi-20190619081335265.chn', 1, NULL, '2019-07-06 09:29:46'),
(4, 9, 101, 'Samsung đã lên kế hoạch về chip 3nm, liệu chúng ta có thấy chip 1nm trong tương lai?', 'tsmc-wafer-580x334-1560761346110664326460.jpg\r\nfinfet-1560761694742548229353.png\r\nc8hsozrxuaat5td-15607611287441984336821.png\r\na-asml-machine-for-producing-semiconductor-devices-15607611287391855678850.png\r\nfet575px-1557880364979939572854-15607611287571780401990.png\r\ntransistorschematic6700-1560763087769139000908.jpg\r\nmain-qimg-4b45b18c067320506f51631787ca0c24-15607629471191870839616.png', 'Về mặt kỹ thuật điều này là hoàn toàn có thể, nhưng các trở ngại về kinh tế có thể khiến những con chip này chỉ xuất hiện trong phòng thí nghiệm mà thôi.', 'Giữa tháng 5 vừa qua, Samsung cho biết đã đạt được bước đột phá trong việc chế tạo chip 3nm và đã gửi bộ kit về quá trình thiết kế chip đến các khách hàng tiềm năng. Như vậy, chỉ một thời gian ngắn sau khi chip 7nm trở nên phổ biến với các thiết bị di động, và khi chip 5nm vẫn còn chưa ra mắt, Samsung đã chuẩn bị ra mắt chip 3nm vào năm 2021.\r\n\r\nNgay vào thời điểm người ta tưởng chừng như Định luật Moore đã đi tới giới hạn, ngành công nghiệp vẫn giữ được nhịp độ tăng trưởng mạnh mẽ của mình. Nhưng khi chip 3nm đang chuẩn bị ra mắt và với nhịp độ thu nhỏ kích thước chip như hiện nay, liệu chúng ta có thể có các CPU dùng chip tiến trình 1nm hay không?\r\n\r\nSamsung đã lên kế hoạch về chip 3nm, liệu chúng ta có thấy chip 1nm trong tương lai? - Ảnh 1.\r\n\r\nNhưng có lẽ trước tiên chúng ta nên hiểu tiến trình chip là gì?\r\n\r\nTiến trình công nghệ chip, hay node tiến trình hay node, thường để chỉ một quy trình cụ thể để sản xuất bán dẫn và các quy tắc thiết kế của nó. Các tiến trình khác nhau (hay các node khác nhau) thường liên quan đến các thế hệ mạch và kiến trúc chip khác nhau. Thông thường, tiến trình công nghệ càng nhỏ có nghĩa là kích cỡ đặc trưng trên con chip (feature size) càng nhỏ, và càng tạo ra các bóng bán dẫn nhỏ hơn, có tốc độ nhanh hơn cũng như sử dụng năng lượng hiệu quả hơn.\r\n\r\nTrong lịch sử, tiến trình công nghệ thường có liên quan tới một số kích thước khác nhau trên bóng bán dẫn, bao gồm chiều dài cổng – khoảng cách giữa hai cực nguồn và cực máng trên bóng bán dẫn. Đây chính là nguồn gốc của các tiến trình với những cái tên như tiến trình 180nm, 110nm, 65nm hay 45nm. Số càng nhỏ, khoảng cách trên càng nhỏ, bóng bán dẫn càng nhỏ, chip càng nhanh hơn.\r\n\r\nSamsung đã lên kế hoạch về chip 3nm, liệu chúng ta có thấy chip 1nm trong tương lai? - Ảnh 2.\r\nNếu trước đây tên gọi tiến trình thường đại diện cho chiều dài cổng (khoảng cách từ cực source tới cực drain), giờ đây con số này chỉ còn mang ý nghĩa tên gọi, không phải kích thước cụ thể nào nữa.\r\n\r\n\r\nTuy nhiên, bắt đầu từ tiến trình 45nm, Intel đã đưa chiều dài cổng đạt tới kích cỡ 25nm trên bóng bán dẫn dạng phẳng. Từ lúc này, việc thu hẹp hơn nữa khoảng cách này sẽ gây ra các hậu quả ngoài mong muốn. Cùng với việc Intel giới thiệu chip dạng FinFET từ tiến trình 22nm, trong khi các kích thước khác giảm đi, mật độ bóng bán dẫn vẫn tiếp tục tăng lên, chiều dài cổng gần như không đổi, thậm chí còn tăng lên.\r\n\r\nĐến lúc này, tên gọi mỗi tiến trình dù vẫn là các kích thước tính theo nanomet, nhưng nó không còn biểu thị hay đại diện cho kích thước nào trên bóng bán dẫn nữa. Các con số như 16nm, 10nm hay 7nm chỉ còn có ý nghĩa là tên gọi của các tiến trình và tiếp thị cho năng lực của các nhà sản xuất chip nhiều hơn một kích thước thực sự nào đó.\r\n\r\nVậy chip tiến trình 1nm có thể đến trong tương lai?\r\n\r\nVới việc các cái tên như tiến trình 10nm, 7nm hay 3nm chỉ còn mang ý nghĩa tên gọi, thay vì là một kích thước thực tế nào đó của bóng bán dẫn, vì vậy về mặt lý thuyết kỹ thuật, các chip tiến trình 1nm là điều hoàn toàn có thể.\r\n\r\nĐặc biệt, lộ trình của những tiến trình chip dưới 3nm còn được mô tả trong Lộ trình công nghệ Quốc tế về bán dẫn ITRS phiên bản 2.0 – bộ tài liệu được các chuyên gia hàng đầu trong ngành bán dẫn tạo nên. Theo phiên bản mới nhất của bộ tài liệu này, những tiến trình nhỏ hơn 3nm sẽ là 2,5nm và 1,5nm, dự kiến sẽ ra mắt vào những năm 2027 và 2030. Tuy nhiên tất cả vẫn chỉ là các dự đoán, do vẫn còn các trở ngại khác về mặt kỹ thuật.\r\n\r\nSamsung đã lên kế hoạch về chip 3nm, liệu chúng ta có thấy chip 1nm trong tương lai? - Ảnh 3.\r\nVới chip FinFET, nỗ lực của các nhà sản xuất tập trung vào việc thu hẹp khoảng cách giữa các fin (fin pitch), độ rộng của mỗi fin (fin width) và gia tăng chiều cao của chúng (fin height).\r\n\r\n\r\nMột điều cần chú ý rằng, trong khi chiều dài cổng không còn thu hẹp được nữa, các kích thước khác của bóng bán dẫn vẫn tiếp tục được thu hẹp. Với các chip dạng FinFET, những nhà sản xuất bán dẫn tập trung vào việc thu hẹp chân đế của mỗi fin (hay vây chip), khoảng cách giữa chúng và làm chúng cao hơn. Mục đích cuối cùng vẫn là thu hẹp kích thước bóng bán dẫn.\r\n\r\nTuy nhiên, đến các tiến trình hiện tại, những công nghệ chế tạo chip đã cho thấy sự hụt hơi của mình. Từ khi chuyển sang các chip 22nm/20nm, các nhà sản xuất bán dẫn đã sử dụng kỹ thuật quang khắc nhúng 193nm (193nm immersion lithography), tuy nhiên kỹ thuật này đã đạt đến giới hạn của mình khi chỉ có thể tạo ra các đường khắc có kích thước 40nm trở lên, vì vậy nhiều nhà sản xuất chip đang chuyển sang kỹ thuật khác khi hướng tới chip có tiến trình nhỏ hơn nữa.\r\n\r\nSamsung đã lên kế hoạch về chip 3nm, liệu chúng ta có thấy chip 1nm trong tương lai? - Ảnh 4.\r\nĐể sử dụng tia EUV chế tạo chip, cần có môi trường chân không gần tuyệt đối, do vậy các cỗ máy chế tạo chip như trên của ASML trở nên rất cần thiết với các nhà sản xuất chip.\r\n\r\n\r\nĐó là lý do hàng loạt nhà sản xuất chip dù vẫn dùng quang khắc 193nm để sản xuất chip 10nm, như Intel và TSMC, hiện đều đã bắt đầu chuyển sang sử dụng kỹ thuật siêu tia cực tím EUV, với khả năng tạo ra các đường khắc có kích thước chỉ 13,5nm, để sản xuất các chip 10nm với chất lượng tốt hơn.\r\n\r\nSamsung đã lên kế hoạch về chip 3nm, liệu chúng ta có thấy chip 1nm trong tương lai? - Ảnh 5.\r\nChuyển sang các tiến trình thấp hơn có thể sẽ cần đến các thiết kế chip mới thay thế cho FinFET, như GAAFET và sau đó là MBCFET.\r\n\r\n\r\nTuy nhiên, kỹ thuật quang khắc EUV cũng có thể chỉ phù hợp đến các tiến trình 7nm và 5nm, xuống đến các tiến trình nhỏ hơn 3nm, các nhà sản xuất chip sẽ cần đến công nghệ quang khắc EUV thế hệ mới có tên EUV khẩu độ cao (High-Numerical Aperture EUV). Không chỉ vậy, tại các tiến trình nhỏ này, chip dạng FinFET sẽ không còn phù hợp nữa mà có thể phải thay thế bằng dạng GAAFETs để gia tăng số lượng bóng bán dẫn.\r\n\r\nTuy nhiên, trên đây chỉ là các thách thức về mặt kỹ thuật trong việc sản xuất hàng loạt chip, còn đối với việc sản xuất trong phòng thí nghiệm, năm 2016, các nhà nghiên cứu tại phòng thí nghiệm Lawrence Berkeley Lab còn tạo nên được bóng bán dẫn với chiều dài chỉ 1nm – nhỏ hơn rất nhiều so với kích thước chip theo lộ trình của ITRS. Tuy nhiên, các nhà nghiên cứu sử dụng các vật liệu mới như ống nano carbon và hợp chất Molybden di-Sulfide, do vậy sẽ mất rất nhiều thời gian nếu đi vào sản xuất hàng loạt.\r\n\r\nSamsung đã lên kế hoạch về chip 3nm, liệu chúng ta có thấy chip 1nm trong tương lai? - Ảnh 6.\r\nBóng bán dẫn có chiều dài 1nm đã xuất hiện trong phòng thí nghiệm, tuy nhiên để ra mắt một con chip với bóng bán dẫn như vậy sẽ cần rất nhiều thời gian nữa.\r\n\r\n\r\nKhông chỉ các thách thức kỹ thuật, một rào cản khác có thể ngăn cản những bộ xử lý tiến trình 1nm ra mắt trên thực tế là yếu tố kinh tế. Chi phí phát triển những con chip với các tiến trình nhỏ hẹp hơn đã tăng vọt trong thời gian gần đây, và do đó hiện nay chỉ còn những công ty lớn mới có đủ khả năng thiết kế chip trên các tiến trình này, như Intel, AMD, Qualcomm hay Apple, Samsung.\r\n\r\nSamsung đã lên kế hoạch về chip 3nm, liệu chúng ta có thấy chip 1nm trong tương lai? - Ảnh 7.\r\nDự kiến chi phí phát triển chip 5nm sẽ cao gần gấp đôi chip 7nm và cao gấp 3 lần chip 10nm.\r\n\r\n\r\nTrong khi chi phí phát triển chip đang tăng phi mã như hiện nay, còn chi phí sản xuất chế tạo chip cũng tăng theo mỗi khi chuyển sang một tiến trình mới, có thể đến một lúc nào đó, ngay cả Intel cũng dừng tạo ra các bóng bán dẫn nhỏ hơn nữa. Do vậy, nhiều người dự đoán rằng, 3nm có thể sẽ là giới hạn cuối của quá trình này.\r\n\r\nTuy nhiên, với lộ trình của ITRS đặt ra cho các tiến trình 2,5nm và 1,5nm vào những năm 2027 và 2030, có lẽ chúng ta còn phải chờ rất lâu nữa mới giải đáp được các thắc mắc trên về giới hạn của định luật Moore.', '2019-06-18', 22, 'http://genk.vn/samsung-da-len-ke-hoach-ve-chip-3nm-lieu-chung-ta-co-thay-chip-1nm-trong-tuong-lai-20190617162129999.chn', 1, NULL, NULL),
(5, 10, 28, 'Xiaomi chấm dứt chương trình MIUI Global Beta, do có nhiều người dùng nhưng không ai báo lỗi', 'photo-1-1560741782199188479790.jpg', 'Người dùng smartphone Xiaomi sẽ không thể thử nghiệm các tính năng mới nhất của MIUI nữa.', 'Xiaomi sử dụng hệ điều hành Android tùy chỉnh, có tên là MIUI, trên hầu hết smartphone của mình (ngoại trừ những chiếc smartphone Android One và Android Go). Bên cảnh những phiên bản MIUI Stable, Xiaomi cũng cho phép người dùng được thử nghiệm những tính năng mới chưa ra mắt chính thức trong chương trình MIUI Global Beta.\r\n\r\nXiaomi chấm dứt chương trình MIUI Global Beta, do có nhiều người dùng nhưng không ai báo lỗi - Ảnh 1.\r\n\r\nTuy nhiên giờ đây, Xiaomi sẽ chính thức chấm dứt chương trình MIUI Global Beta. Trong một bài đăng trên diễn đàn Mi Community, đại diện Xiaomi cho biết:\r\n\r\n“Khi ngày càng có nhiều mẫu Mi Phone được ra mắt, ngày càng có nhiều người tham gia vào chương trình MIUI Global Beta. Tuy nhiên, MIUI Beta được tạo ra để thử nghiệm các tính năng mới và có khả năng gặp lỗi rất cao. Vì vậy, nhóm kỹ sư của chúng tôi sẽ ngừng phát hành các phiên bản MIUI Beta cho tất cả các thiết bị của Xiaomi, bắt đầu từ ngày 1 tháng 7 năm 2019”.\r\n\r\nBài viết cũng giải thích thêm rằng, các phiên bản MIUI Beta đang được sử dụng bởi một số lượng lớn người dùng, nhưng hầu hết trong số đó đều không phản hồi các lỗi cho nhóm phát triển. Trong khi đó, việc phản hồi các lỗi tồn tại là mục đích chính khi Xiaomi phát hành MIUI Beta.\r\n\r\nNgay sau khi công bố tin này trên diễn đàn Mi Community, bài viết đã nhận được hơn 18 trang bình luận. Đa số trong đó đều tỏ ra rất buồn và tiếc khi chương trình MIUI Beta bị chấm dứt. Một số người cho rằng các phiên bản beta hoạt động ổn định hơn cả phiên bản Stable, một số khác cho biết các lỗi họ phản hồi đều không được hồi đáp.\r\n\r\nNhư vậy là đến ngày 1 tháng 7 tới đây, chương trình MIUI Global Beta sẽ chính thức đóng cửa. Tuy nhiên hiện vẫn chưa rõ những người dùng đang sử dụng MIUI Beta có tự động cập nhật thành phiên bản Stable không, hay họ sẽ bị bỏ mặc và phải tự cập nhật một cách thủ công.', '2019-06-17', 2, 'http://genk.vn/xiaomi-cham-dut-chuong-trinh-miui-global-beta-do-co-nhieu-nguoi-dung-nhung-khong-ai-bao-loi-20190617102352921.chn', 1, NULL, '2019-07-06 09:28:38'),
(6, 10, 28, 'Xiaomi ra mắt đèn diệt muỗi kiêm vượt muỗi, không dùng hóa chất, đảm bảo an toàn, giá 500 ngàn', 'photo-1-1560489451742812370817.jpg\r\nphoto-1-15604894585781850619682.jpg', 'Các sản phẩm diệt muỗi của Xiaomi rất được ưa chuộng trên thị trường. Vì thế, hãng này vừa ra mắt thêm một sản phẩm mới, đa dụng hơn hẳn các thiết bị trước đó.', 'Đèn diệt muỗi Xiaomi Yeelight Mosquito Killer vừa ra mắt thực chất là một sản phẩm 2 trong 1. Bình thường, nó sẽ hoạt động như là một cái bẫy nhưng nếu muốn chủ động giết loại côn trùng hút máu đáng ghét bạn cũng có thể lấy phần lưới diệt muỗi ra dùng như một chiếc vượt muỗi.\r\n\r\nXiaomi ra mắt đèn diệt muỗi kiêm vượt muỗi, không dùng hóa chất, đảm bảo an toàn, giá 500 ngàn - Ảnh 1.\r\n\r\nXiaomi Yeelight Mosquito Killer phát ra tia cực tím có bước sóng trong khoảng 360 đến 400nm để thu hút muỗi cũng như các loại côn trùng biết bay. Khi tới gần đèn, côn trùng và muỗi sẽ bị giết nếu đâm vào lưới điện cao thế. Đèn được trang bị lớp bảo vệ để tránh gây nguy hiểm cho người dùng hoặc trẻ em nếu vô tình chạm phải. Đèn tự động bật vào buổi tối và tự tắt khi trời sáng.\r\n\r\nXiaomi ra mắt đèn diệt muỗi kiêm vượt muỗi, không dùng hóa chất, đảm bảo an toàn, giá 500 ngàn - Ảnh 2.\r\n\r\nNếu muốn tự giết muỗi, phần lưới có thể được tách ra để dùng như chiếc vượt muỗi. Xiaomi thiết kế cả một chiếc tay cầm tiện lợi cho người dùng và còn có cả dây móc để treo lên. \r\n\r\nXiaomi Yeelight Mosquito Killer sử dụng pin lithium tích hợp và có thể cung cấp 3 đến 4 tiếng sử dụng sau mỗi lần sạc đầy. Pin được sạc qua cổng Micro USB.\r\n\r\nTheo Xiaomi, sản phẩm này được chứng nhận an toàn bởi các cơ quan chức năng Trung Quốc. Hiệu quả diệt muỗi của nó đạt tới 88,1%. Mức giá của chiếc đèn diệt muỗi 2 trong 1 ngày là 149 CNY (tương đương 500 ngàn đồng).', '2019-06-14', 3, 'http://genk.vn/xiaomi-ra-mat-den-diet-muoi-kiem-vuot-muoi-khong-dung-hoa-chat-dam-bao-an-toan-gia-500-ngan-2019061412232689.chn', 1, NULL, NULL),
(7, 11, 28, 'Báo cáo: Các hãng chip Mỹ, bao gồm Qualcomm, Intel âm thầm vận động chính phủ Mỹ nới lỏng lệnh cấm nhắm vào Huawei', 'photo-1-15607546020891514682260.jpg\r\nphoto-1-15607545804841864410688.jpg', '\"Đây không phải hành động nhằm bên vực, giúp đỡ Huawei. Họ chỉ muốn ngăn chặn những tác động xấu với các công ty Mỹ\".', 'Theo nguồn tin nắm rõ các kế hoạch trong ngành, những công ty Mỹ chuyên cung cấp chip cho Huawei, bao gồm cả Qualcomm và Intel, đang âm thầm gây sức ép khiến chính phủ Mỹ nới lỏng lệnh cấm giao dịch với gã khổng lồ công nghệ Trung Quốc. Đây là động thái khá bất ngờ bởi gần đây chính Huawei cũng đã không còn tiến hành các chiến dịch vận động hành lang với chính phủ Mỹ.\r\n\r\nHồi tháng 5, các giám đốc cấp cao từ những nhà sản xuất hop hàng đầu của Mỹ là Intel và Xilinx đã tham dự một cuộc họp với Bộ Thương mại Hoa Kỳ nhằm thảo luận về phản ứng với việc Huawei bị đưa vào danh sách đen. Nguồn tin trên cũng chia sẻ rằng Qualcomm cũng gây sức ép lên Bộ Thương mại Hoa Kỳ về vấn đề này.\r\n\r\nTheo các hãng sản xuất chip, các mảng bán những sản phẩm của Huawei như smartphone và máy chủ thường sử dụng các linh kiện sẵn có. Chính vì thế, chúng khó có thể gây ra mối lo ngại về bảo mật như mảng kinh doanh thiết bị mạng của Huawei.\r\n\r\n\"Đây không phải là hành động nhằm hỗ trợ Huawei. Mục tiêu của họ là ngăn chặn những tác động xấu với các công ty Mỹ\", một nguồn tin nhận định.\r\n\r\nTrong số 70 tỷ USD Huawei chi ra để mua linh kiện trong năm 2018, khoảng 11 tỷ được chuyển đến các công ty Mỹ, bao gồm Qualcomm, Intel và Micron.\r\n\r\nVì thế, theo nguồn tin nội bộ của Qualcomm, hãng này muốn có thể tiếp tục bán chip cho các thiết bị phổ biến của Huawei như smartphone, smartwatch.\r\n\r\nHiệp hội Công nghiệp Bán dẫn (SIA), một tổ chức thương mại, cũng thừa nhận rằng họ đã sắp xếp một buổi tham vấn với chính phủ Mỹ để thay mặt các công ty đưa ra những khiếu nại và trình bày ngắn gọn về tác động của lệnh cấm Huawei với các công ty Mỹ.\r\n\r\n\"Không nên đưa những công nghệ không liên quan tới an ninh quốc gia vào lệnh cấm. Chúng tôi đã truyền đạt quan điểm này tới chính phủ\", Jimmy Goodrich, phó chủ tịch phụ trách chính sách toàn cầu của SIA chia sẻ.\r\n\r\nBáo cáo: Các hãng chip Mỹ, bao gồm Qualcomm, Intel âm thầm vận động chính phủ Mỹ nới lỏng lệnh cấm nhắm vào Huawei - Ảnh 1.\r\n\r\nLệnh cấm Huawei được ban hành ngay sau khi cuộc đàm phán chiến tranh thương mại Mỹ - Trung kết thúc mà không đạt được thỏa thuận tích cực. Mỹ cáo buộc Huawei hỗ trợ các hoạt động gián điệp, đánh cắp sở hữu trí tuệ và ép buộc các công ty khác chuyển giao công nghệ.\r\n\r\nTheo chủ tịch Huawei, Liang Hua, Google, hãng bán phần cứng, phần mềm và dịch vụ kỹ thuật cho Huawei, cũng ủng hộ việc nới lỏng lệnh cấm để có thể tiếp tục hợp tác với Huawei.\r\n\r\nTrong khi đó, phía Google tuyên bố rằng họ đã có những buổi làm việc với Bộ Thương mại Hoa Kỳ để đảm bảo tuân thủ những quy tắc mới được ban hành.\r\n\r\nĐại diện Bộ Thương mại Hoa Kỳ cho biết cơ quan này thường xuyên trả lời các câu hỏi của những công ty Mỹ về những yêu cầu pháp lý và cho biết thêm rằng các cuộc thảo luận này không ảnh hưởng tới quá trình thực thi lệnh cấm.\r\n\r\nIntel, Xilinx và Qualcomm từ chối bình luận về thông tin trên. Phía Huawei cũng chưa có bất cứ phản hồi nào.\r\n\r\nTrong một cuộc phỏng vấn ở Mexicon, Andrew Williamson, phó chủ tịch phụ trách các vấn đề công cộng của Huawei, cho biết rằng công ty của ông không nhờ vả bất cứ ai thay mặt họ tiến hành các cuộc vận động hành lang.\r\n\r\n\"Họ làm điều đó vì chính bản thân họ bởi với nhiều hãng trong số họ Huawei là một trong những khách hàng lớn\", Williamson nói. Ông chia sẻ thêm rằng các hãng chip Mỹ hiểu rằng cắt đứt quan hệ với Huawei có thể gây ra hậu quả thảm khốc cho bản thân họ.\r\n\r\nCác chuyên gia Trung Quốc cho rằng về cơ bản những đối tác Mỹ của Huawei đang ở trong một tình thế \"tiến thoái lưỡng nan\". Họ vừa không muốn bị coi là hỗ trợ một kẻ gián điệp, ăn cắp bí mật thương mại đang bị trừng phạt nhưng cũng không muốn mất đi một khách hàng lớn.\r\n\r\nKhông một ai lắng nghe\r\n\r\nBản thân Huawei, cũng là hãng smartphone lớn thứ 2 thế giới, không có nhiều chiến dịch vận động hành lang tại Washington về vấn đề này. Tuy nhiên, theo một nguồn tin nắm rõ các kế hoạch nội bộ, Huawei đã xem xét gửi thư tới Bộ Thương mại Hoa Kỳ.\r\n\r\n\"Chúng tôi chẳng có một kênh nào để liên hệ\", Liang Hua nói với phóng viên hồi đầu tháng này.\r\n\r\nMột tháng sau khi bị đưa vào danh sách đen, Huawei vẫn chưa có một cuộc đàm phán nào với chính phủ Mỹ, nguồn tin nội bộ cho hay.\r\n\r\nThậm chí, trước khi lệnh cấm được ban hành, Huawei đã cắt giảm các nỗ lực vận động hành lang. Theo Reuters, năm ngoái, hãng này đã sa thải 5 nhân viên tại văn phòng ở Washington, bao gồm cả một phó chủ tích đối ngoại, và cắt giảm chi phí vận động hành lang.\r\n\r\nTuy nhiên, Huawei lại khởi động nhiều cuộc chiến pháp lý và một chiến dịch quan hệ cộng đồng nhằm tự bảo vệ mình trước các cáo buộc của chính phủ Mỹ. Thậm chí, gã khổng lồ Trung Quốc còn mua một quảng cáo toàn trang trên các tờ báo lớn của Mỹ trong tháng 2 sau một loại các cuộc phỏng vấn với sáng lập Nhậm Chính Phi với mục đích xóa bỏ hình ảnh xấu của họ trong mắt người dùng phương Tây.\r\n\r\nBáo cáo: Các hãng chip Mỹ, bao gồm Qualcomm, Intel âm thầm vận động chính phủ Mỹ nới lỏng lệnh cấm nhắm vào Huawei - Ảnh 2.\r\n\r\nCác nhà phân tích cho rằng chính phản ứng có phần đánh giá thấp cảnh báo của chính quyền Trump mà Huawei đưa ra đã khiến Mỹ đưa ra một chiến dịch toàn cầu nhắm vào công ty Trung Quốc.\r\n\r\n\"Huawei sẽ phải chịu thiệt hại cho dù họ làm gì tiếp theo\", Jim Lewis, một chuyên gia an ninh mạng thuộc Trung tâm Nghiên cứu Chiến lược và Quốc tế của Washington cho hay. \"Tại Mỹ, Huawei đang đứng ở một vị trí cực kỳ tệ. Không một ai muốn cho Huawei 1 sự ưu ái\".\r\n\r\nMặc dù vậy, lệnh cấm Huawei đã có những tác động tiêu cực lên toàn bộ thị trường.\r\n\r\nBroadcom, công ty không tiến hành vận động Bộ Thương mại, vừa đưa ra một báo cáo gây sốc cho ngành công nghiệp chip toàn cầu. Hãng này dự đoán rằng căng thẳng thương mại Mỹ - Trung và lệnh cấm Huawei sẽ khiến họ thiệt hại 2 tỷ USD doanh thu trong năm nay.\r\n\r\nVài ngày sau khi đưa ra lệnh cấm, Bộ Thương mại mỹ cũng đã có một chút nhượng bộ. Ngày 20/5, cơ quan này đã cung cấp một giấy phép tạm thời cho phép Huawei mua thiết bị, linh kiện của các công ty Mỹ nhằm giúp các khách hàng hiện tại duy trì độ tin cậy của mạng và thiết bị mạng.', '2019-06-17', 2, 'http://genk.vn/bao-cao-cac-hang-chip-my-bao-gom-qualcomm-intel-am-tham-van-dong-chinh-phu-my-noi-long-lenh-cam-nham-vao-huawei-20190617132656093.chn', 1, NULL, '2019-07-06 09:31:05'),
(8, 11, 101, 'Huawei thừa nhận doanh số smartphone toàn cầu của họ có thể sụt giảm 40% đến 60% trong năm 2019', 'photo-1-15586728411151520576154.jpg', 'Đây là ước tính do chính Huawei đưa ra.', 'Theo Bloomberg, Huawei dự tính doanh số smartphone toàn cầu của họ trong năm 2019 sẽ giảm từ 40 đến 60%. Gã khổng lồ Trung Quốc cũng đang xem xét nhiều chiến lược khác nhau, bao gồm cả việc ngừng bán một số mẫu smartphone mới, ví dụ như dòng Honor 20, ở thị trường nước ngoài.\r\n\r\nDòng Honor 20 dự kiến sẽ lên kệ tại một số nước châu Âu, bao gồm Anh, Pháp... vào ngày 21/6. Tuy nhiên, theo một nguồn tin nội bộ, các giám đốc phụ trách của Huawei sẽ giám sát gắt gao doanh số của Honor 20 và có thể cắt giảm lượng hàng xuất xưởng nếu doanh số kém.\r\n\r\nHuawei thừa nhận doanh số smartphone toàn cầu của họ có thể sụt giảm 40% đến 60% trong năm 2019 - Ảnh 1.\r\n\r\nTheo tính toán của các giám đốc quản lý phụ trách marketing và sale dự kiến doanh số smartphone Huawei trong năm 2019 sẽ giảm từ 40 đến 60%.\r\n\r\nNguồn tin nội bộ tiết lộ với Bloolberg rằng để bù đắp sự sụt giảm doanh số ở nước ngoài, Huawei đặt mục tiêu chiếm tới 1 nửa thị trường smartphone Trung Quốc trong năm 2019. Khi được Reuters hỏi về những thông tin trên, Huawei từ chối tả lời.\r\n\r\nHồi tháng 5, chính phủ Mỹ đã đưa Huawei vào danh sách đen, bao gồm các công ty bị cấm hợp tác với các công ty Mỹ để đảm bảo an ninh quốc gia. Động thái này dẫn tới việc hàng loạt công ty Mỹ, bao gồm cả Google, Intel và Qualcomm tuyên bố ngừng hợp tác với Huawei.', '2019-06-17', 2, 'http://genk.vn/huawei-thua-nhan-doanh-so-smartphone-toan-cau-cua-ho-co-the-sut-giam-40-den-60-trong-nam-2019-20190617105604624.chn', 1, NULL, '2019-07-06 09:30:15'),
(9, 12, 102, 'Vingroup động thổ nhà máy điện thoại thông minh công suất 125 triệu máy/năm', 'photo-1-15601338199812061676519.jpg\r\nphoto-1-15601338223581853011964.jpg\r\nphoto-2-1560133822361564768324.jpg', 'Ngày 10/6, Tập đoàn Vingroup khởi công Dự án Nhà máy sản xuất điện thoại thông minh Vsmart tại Khu công nghệ cao Hòa Lạc (Thạch Thất, Hà Nội).', 'Nhà máy được đặt tại Khu Công nghệ cao Hòa Lạc trên diện tích 15,2 ha. Giai đoạn 1 của nhà máy dự kiến sẽ hoàn thiện vào ngày 15/8/2019, có công suất 23 triệu máy/năm. Tháng 10/2019 giai đoạn 2 của nhà máy sẽ hoàn thành với công suất 34 triệu máy/năm. Đầu năm 2020, nhà máy sẽ đạt công suất cao nhất 125 triệu máy khi chính thức hoàn thiện.\r\n\r\nNhà máy được thiết kế tuân thủ nghiêm ngặt các tiêu chuẩn quốc tế dành cho các nhà máy sản xuất thiết bị điện tử, viễn thông như IPC-A-610, TL 9000. Môi trường sản xuất được kiểm soát hoàn toàn về nhiệt độ, độ ẩm, kiểm soát phóng tĩnh điện cũng như độ sạch không khí để đảm bảo chất lượng cao nhất cho sản phẩm.\r\n\r\nVingroup động thổ nhà máy điện thoại thông minh công suất 125 triệu máy/năm - Ảnh 1.\r\n\r\nCác trang thiết bị, máy móc của VinSmart đều tối tân nhất. Trong đó, dây chuyền hàn dán linh kiện SMT, dây chuyền kiểm tra bo mạch hoàn toàn tự động, công nghệ tiên tiến nhất hiện nay của Mỹ, Đức, Nhật Bản; phần mềm kiểm tra, hiệu chỉnh của Qualcomm (Mỹ); các cộng đoạn kiểm tra sản phẩm trên dây chuyền lắp ráp cũng được tự động hóa. Tất cả đều đáp ứng đầy đủ các tiêu chuẩn cao nhất trong sản xuất công nghiệp của thế giới, hướng tới tự động hóa tối đa, giảm thiểu sai sót do con người, tăng chất lượng, tăng công suất và độ chính xác. Nhà máy VinSmart sẵn sàng sản xuất không chỉ điện thoại mang thương hiệu Vsmart mà còn có thể sản xuất thuê cho các hãng điện thoại hàng đầu trên thế giới với những tiêu chuẩn khắt khe nhất về chất lượng.\r\n\r\nCông nghệ của VinSmart được phát triển trên nền tảng tiêu chuẩn cao trên cơ sở hợp tác chặt chẽ với các hãng công nghệ lớn nhất thế giới như Qualcomm, Google, ArcSoft, DxO … nhằm cập nhật các công nghệ tiên tiến nhất trong lĩnh vực thiết bị thông minh. Về thiết kế sản phẩm, VinSmart hợp tác với nhiều nhà thiết kế (IDH – Independent House), nhiều ODM (Original design manufacturer)...\r\n\r\nVingroup động thổ nhà máy điện thoại thông minh công suất 125 triệu máy/năm - Ảnh 2.\r\n\r\nBên cạnh đó, với việc sở hữu hàng ngàn chuyên gia công nghệ cao ở nước ngoài và Việt Nam đã mang lại cho VinSmart ưu thế lớn trong việc làm chủ công nghệ từ khâu nghiên cứu phát triển sản phẩm đến sản xuất thiết bị điện tử thông minh với công nghệ hiện đại nhất.\r\n\r\nÔng Nguyễn Việt Quang (Phó Chủ tịch kiêm Tổng Giám đốc Tập đoàn Vingroup) cho biết: \"Sau một thời gian triển khai và gia nhập lĩnh vực sản xuất điện thoại di động, các sản phẩm của chúng tôi được thị thường đón nhận rất tích cực. Đặc biệt chúng tôi nhận được nhiều đơn đặt hàng gia công từ các đối tác lớn từ châu Âu và Mỹ. Đó là lý do chúng tôi, chúng tôi quyết định đầu tư xây dựng nhà máy với công suất lớn gấp 25 nhà máy hiện có tại Hải Phòng nhằm đáp ứng nhu cầu trong nước và quốc tế.\"\r\n\r\nVingroup động thổ nhà máy điện thoại thông minh công suất 125 triệu máy/năm - Ảnh 3.\r\n\r\nBên cạnh điện thoại, VinSmart sẽ đầu tư xây dựng các nhà máy sản xuất các sản phẩm điện tử thông minh, kết nối vạn vật (IoT) như SmartHome, SmartTV… Công ty VinSmart cũng tiếp cận các hãng cung cấp chipset, linh kiện, phụ kiện trong nước và quốc tế để trực tiếp làm chủ chuỗi cung ứng và kiểm soát chất lượng sản xuất của các thiết bị điện tử thông minh trước khi đưa ra thị trường.', '2019-06-05', 1, 'http://genk.vn/vingroup-khoi-cong-nha-may-dien-thoai-thong-minh-cong-suat-125-trieu-may-nam-20190610093149843.chn', 1, NULL, '2019-07-04 21:54:11'),
(10, 12, 102, 'Thị phần VSmart của Vingroup đã đuổi kịp Mobiistar chỉ sau 6 tháng ra mắt, lên kế hoạch vươn ra các thị trường khu vực trong năm nay', '1a-15600110155022071567946.jpg\r\nphoto-1-1560010972831887853177.png\r\nphoto-1-156001097546099854338.png', 'Cùng với Asanzo, Mobiistar và Bphone, Vsmart đang tạo thành thế tứ trụ của smartphone Việt trong trận chiến đấu với các thương hiệu ngoại, đặc biệt là các thương hiệu đến từ Trung Quốc.', 'Số liệu mới nhất từ GfK cho thấy trong 4 tháng đầu 2019, thương hiệu điện thoại của tập đoàn Vingroup, Vsmart đã chiếm khoảng 2% thị phần di dộng Việt Nam. So với tỷ lệ gần 47% của Samsung hay 22% của Oppo, con số này có vẻ khiêm tốn nhưng không lép vế nhiều so với các thương hiệu phổ biến còn lại trên thị trường hiện nay như Nokia, Vivo  hay Realme.\r\n\r\nThị phần VSmart của Vingroup đã đuổi kịp Mobiistar chỉ sau 6 tháng ra mắt, lên kế hoạch vươn ra các thị trường khu vực trong năm nay - Ảnh 2.\r\n\r\nChính thức ra mắt vào giữa tháng 12/2018, Vsmart mở đầu bằng cả 4 mẫu điện thoại tầm trung gồm Joy 1, Joy 1+, Active 1 và Active 1+ với mức giá dưới 6 triệu đồng. Đây là phân khúc trước giờ luôn chịu sự cạnh tranh khốc liệt từ các thương hiệu Trung Quốc, những bên sẵn sàng dùng chiêu bài \"cấu hình cao-giá thấp\" để hạ gục đối thủ.\r\n\r\nTuy nhiên như giới chuyên môn nhận định, VSmart có khả năng cạnh tranh không thua kém bất kỳ đối thủ nào khác trên thị trường nhờ sự hỗ trợ từ tập đoàn mẹ Vingroup.\r\n\r\nChỉ riêng nói về kênh phân phối, bên cạnh sự xuất hiện tại các kệ hàng của những chuỗi lớn như Thế Giới Di Động hay FPT Shop, Vsmart còn có lợi thế thâm nhập vào các trung tâm thương mại của Vincom, siêu thị Vinmart hay các cửa hàng tiện lợi Vinmart+.\r\n\r\nChưa hết ngay khi ra mắt, Vsmart tung chính sách bảo hành lên tới 18 tháng, vượt hẳn thời gian bảo hành dài nhất là 15 tháng, vốn thuộc về Xiaomi. Động thái này vừa ngầm khẳng định chất lượng của sản phẩm, vừa tạo độ tin tưởng cho khách hàng với một thương hiệu hoàn toàn mới.\r\n\r\nTrong biểu đồ của GfK, với thị phần 2%, Vsmart đã thay thế chỗ của Mobiistar sau khi thương hiệu này giảm dần thị phần từ 3% xuống 2%, và không còn xuất hiện trong bảng thống kê của GfK.\r\n\r\nThị phần VSmart của Vingroup đã đuổi kịp Mobiistar chỉ sau 6 tháng ra mắt, lên kế hoạch vươn ra các thị trường khu vực trong năm nay - Ảnh 3.\r\n\r\nTiến ra thế giới chỉ sau 3 tháng xuất hiện\r\n\r\nTrong khi các thương hiệu Việt như Bkav chọn hướng phát triển thị trường trong nước trước, hoặc chỉ tiến đánh thị trường nước ngoài khi xác định khó cạnh tranh tại quê nhà như Mobiistar, thì Vsmart lại quyết định chiến đấu song song ở cả 2 hướng.\r\n\r\nTháng 3 năm nay, nghĩa là chỉ sau hơn 3 tháng ra mắt, Vsmart chính thức xuất hiện tại Tây Ban Nha. Theo như chia sẻ, các sản phẩm điện thoại của tập đoàn Vingroup sẽ được phân phối qua chuỗi gần 90 cửa hàng của MediaMarkt, nhà bán lẻ điện tử tiêu dùng số một châu Âu với hơn 35 năm kinh nghiệm.\r\n\r\nKhông dừng lại ở đó, cuối tháng 5 vừa qua, tập đoàn Vingroup tuyên bố đưa sản phẩm công nghệ Việt chinh phục thị trường châu Á mà mở đầu là Myanmar. Cụ thể, các mẫu điện thoại Vsmart sẽ được phân phối thông qua gần 1.500 cửa hàng của Strong Source, nhà bán lẻ điện tử tiêu dùng và kinh doanh đa ngành số 1 tại Myanmar. Ngoài ra, tại đây, Vsmart cũng đồng thời hợp tác với 2 nhà bán lẻ khác là Mytel (Viettel) và Shop.com.mm (Alibaba).\r\n\r\nDự kiến trong năm, Vsmart sẽ tiếp tục hiện diện tại các thị trường Ấn Độ, Thái Lan, Lào và Campuchia.\r\n\r\nDù phần nào có chỗ đứng trong nước, đồng thời chứng tỏ quyết tâm, tiềm lực lẫn chất lượng bằng cách mang sản phẩm ra cạnh tranh tại nước ngoài, nhiều ý kiến cho rằng Vsmart vẫn cần chú ý đến một bước không kém phần quan trọng là phát triển cộng đồng người dùng. Bởi một khi sản phẩm đi vào sâu rộng, cộng đồng sẽ là nơi người dùng hỗ trợ nhau, nhà sản xuất đỡ được khâu chăm sóc khách hàng, vừa là nơi để triển khai các hoạt động giúp gắn kết người dùng nhiều hơn với thương hiệu.\r\n\r\nTrong khi Bkav xây dựng được cộng đồng người dùng với hơn 50.000 thành viên, Xiaomi tổ chức các buổi trải nghiệm sản phẩm mới như Mi Explorer hay các cuộc thi ảnh thì hiện VSmart chưa có nhóm hoạt động nào nổi bật cũng như thiếu các hoạt động gắn kết người dùng.', '2019-06-04', 4, 'http://genk.vn/thi-phan-vsmart-cua-vingroup-da-duoi-kip-mobiistar-chi-sau-6-thang-ra-mat-len-ke-hoach-vuon-ra-cac-thi-truong-khu-vuc-trong-nam-nay-20190608232449061.chn', 1, NULL, NULL),
(11, 13, 28, 'Android Q có chế độ Desktop chính chủ, biến smartphone thành máy tính để bàn', 'photo-1-15577179911582128626343.jpg\r\nphoto-1-15577180069191504485165.jpg', 'Hiện tại, các lập trình viên đã có thể thử nghiệm chế độ Desktop trên phiên bản Android Q beta vừa ra mắt.', 'Bên cạnh việc phát triển và cải tiến hệ điều hành Android nhằm hỗ trợ những chiếc smartphone màn hình gập trong tương lai, Google cũng đang làm việc trên một chế độ Desktop hoàn toàn mới và sẽ ra mắt cùng với Android 10 Q.\r\n\r\nChế độ Desktop trên Android Q sẽ giống với Samsung Dex, cho phép kết nối với nhiều màn hình ngoài để có thể làm việc tương tự như một chiếc máy tính để bàn.\r\n\r\nAndroid Q có chế độ Desktop chính chủ, biến smartphone thành máy tính để bàn - Ảnh 1.\r\n\r\nMặc dù Microsoft lần đầu tiên ra mắt tính năng Continuum này vào năm 2016, nhưng lại gây thất vọng do còn nhiều hạn chế và hệ điều hành Windows 10 Mobile vẫn chưa thực sự phổ biến. Hai năm sau, Samsung mới ra mắt Dex trên Galaxy S8 và Galaxy Note 9, hứa hẹn nhiều cải tiến hơn, nhưng vẫn chỉ giới hạn trên các thiết bị của Samsung.\r\n\r\nDo đó việc Google mang tính năng này lên hệ điều hành Android đang rất được kỳ vọng, sẽ là một bước tiến lớn giúp smartphone Android có thể thay thế cho máy tính cá nhân. Hiện tại, các lập trình viên đã có thể thử nghiệm chế độ Desktop trên phiên bản Android Q beta vừa ra mắt.\r\n\r\nAndroid Q có chế độ Desktop chính chủ, biến smartphone thành máy tính để bàn - Ảnh 2.\r\n\r\nGoogle cho biết họ đã bổ sung thêm để hiển thị bàn phím ảo trên màn hình ngoài và hỗ trợ cả giao diện của bên thứ 3 trên màn hình ngoài. Điều đó có nghĩa là các lập trình viên sẽ có rất nhiều thứ để làm, họ có thể phát triển những giao diện mới cho Android để mang đến trải nghiệm giống như Windows khi kích hoạt chế độ Desktop.\r\n\r\nViệc kết nối cũng rất đơn giản, chỉ cần một sợi cáp chuyển đổi từ USB-C sang HDMI để xuất hình ảnh ra màn hình ngoài. Tuy nhiên hiện tại, số lượng các ứng dụng hỗ trợ tính năng này vẫn chưa nhiều, do đó sẽ cần thêm thời gian để các lập trình viên phát triển ứng dụng của họ.', '2019-05-19', 0, 'http://genk.vn/android-q-co-che-do-desktop-chinh-chu-bien-smartphone-thanh-may-tinh-de-ban-20190513102846281.chn', 1, NULL, NULL),
(12, 13, 101, 'Doanh số HDD dự kiến sẽ giảm 50% trong năm 2019, nhưng vẫn chưa thể \"chết\" được', 'nois-1557220114514791245734-crop-155722016017277704022.png\r\nssd-vs-hdd-thumbnail-15572198809581428928967.jpg\r\nismyharddrivedying1600thumb800-1557219884740521444698.jpg', 'Nguyên nhân là do các máy chủ, trung tâm dữ liệu vẫn cần khả năng lưu trữ lớn với giá thành rẻ của nó.', 'Kỷ nguyên của ổ cứng trên PC đang dần đi đến hồi kết, nhường chỗ lại cho những công nghệ mới và các giải pháp lưu trữ hiện đại hơn. Tuy nhiên, chuyện này không thể xảy ra trong một sớm một chiều.  Việc HDD đang chết dần chết mòn không phải là điều khiến ai ngạc nhiên nữa rồi, đặc biệt là khi chúng chính là thứ \"kìm chân\" những cỗ máy tính. Mặc dù vậy, chúng ta cũng cần phải nhớ rằng HDD vẫn còn hiện diện ở những nơi khác, ví dụ như các máy chủ - cũng chính là đối tượng khách hàng lớn nhất của dòng sản phẩm này.  Doanh số HDD dự kiến sẽ giảm 50% trong năm 2019, nhưng vẫn chưa thể chết được - Ảnh 1.  Cũng phải nói rằng SSD cũng chưa phải là lựa chọn thay thế tối ưu nhất, bởi mặc dù dung lượng của chúng đang ngày càng lớn hơn, và giá thành cũng đang rẻ đi trông thấy, thế nhưng chúng vẫn chưa thể so bì được với với HDD về khả năng lưu trữ.  Ngành công nghiệp cũng đang thay đổi  Thông tin về sự chuyển mình này đến từ Nidec – một công ty chịu trách nhiệm sản xuất motor quay của 85% số HDD có mặt trên thị trường. Họ cho biết nhu cầu mua sản phẩm của họ đã giảm trong vài năm gần đây, và hiện tại thì họ buộc phải nghiên cứu để dự đoán xu hướng tiếp theo của thị trường.  Doanh số HDD dự kiến sẽ giảm 50% trong năm 2019, nhưng vẫn chưa thể chết được - Ảnh 2.  Nidec cho rằng HDD cho PC đã giảm 50% mỗi năm bắt đầu từ năm 2010. Có khoảng 77 triệu chiếc HDD đã được xuất xưởng trong năm 2017, và con số này dự kiến sẽ giảm nửa trong năm 2019.  Tuy nhiên, Nidec lại đưa ra nhận định rằng sử dụng HDD của các trung tâm dữ liệu sẽ tăng trong năm 2019. Bởi hiện chưa có giải pháp nào thay thế được HDD mà nhu cầu gia tăng dung lượng đối với các trung tâm xử lý dữ liệu luôn có, vậy nên ổ đĩa cứng khó mà chết được trong vài năm tới.  Doanh số HDD dự kiến sẽ giảm 50% trong năm 2019, nhưng vẫn chưa thể chết được - Ảnh 3.  Ngoài ra, còn một số yếu tố khác cũng đóng vai trò cho sự sống còn của HDD. Các nhà sản xuất laptop, đặc biệt là những dòng máy tầm trung, giá rẻ, không sử dụng SSD làm phương thức lưu trữ chính mà chỉ kèm theo khe để người dùng dễ nâng cấp. Thêm nữa, số lượng console chơi game đã giảm bởi thế hệ máy hiện tại đã đi đến cuối vòng đời.', '2019-05-30', 1, 'http://genk.vn/doanh-so-hdd-du-kien-se-giam-50-trong-nam-2019-nhung-van-chua-the-chet-duoc-20190507160845718.chn', 1, NULL, NULL),
(13, 14, 28, 'Laptop Huawei bất ngờ xuất hiện trở lại trên Microsoft Store, sau một tháng biến mất bí ẩn', 'photo-1-15608246064201973757981.jpg', 'Microsoft cũng chính thức có câu trả lời cho những sự việc liên quan đến dòng sản phẩm laptop Huawei.', 'Tháng trước, Microsoft đã loại bỏ toàn bộ sản phẩm laptop Huawei khỏi cửa hàng trực tuyến của mình. Mặc dù động thái này được thực hiện mà không rõ lý do, nhưng rất có thể nguyên nhân là vì lệnh cấm từ phía Chính phủ Mỹ. Mặc dù vậy, Microsoft vẫn cấp phép sử dụng hệ điều hành Windows cho Huawei, và không có dấu hiệu của việc ngừng hợp tác.\r\n\r\nNgày hôm qua, các sản phẩm laptop của Huawei bất ngờ xuất hiện trở lại trên Microsoft Store. MateBook 13, MateBook và MateBook X Pro đều được bán trở lại. Trong khi MateBook X Pro được ghi là đã hết hàng, các thiết bị còn lại đều có thể đặt mua bình thường.\r\n\r\nLaptop Huawei bất ngờ xuất hiện trở lại trên Microsoft Store, sau một tháng biến mất bí ẩn - Ảnh 1.\r\n\r\nTrước đây, Microsoft đã từ chối bình luận về việc các dòng sản phẩm laptop Huawei biến mất khỏi cửa hàng trực tuyến của mình. Nhưng giờ đây, Microsoft đã không còn im lặng nữa.\r\n\r\nMột phát ngôn viên của công ty đã cho biết: “Chúng tôi đã có một khoảng thời gian để đánh giá các quy định phức tạp từ phía Chính phủ Mỹ. Kết quả là, chúng tôi sẽ tiếp tục việc bán hàng tồn kho của các thiết bị Huawei trên Microsoft Store”.\r\n\r\nChú ý, Microsoft hiện chỉ bán những thiết bị Huawei tồn kho, điều đó có nghĩa là chưa rõ Microsoft có ý định sẽ nhập thêm những chiếc laptop mới của Huawei hay không. Khi được hỏi, phát ngôn viên của Microsoft chỉ trả lời rằng: “Chúng tôi bán những sản phẩm hiện tại, phù hợp với quy định của Chính phủ Hoa Kỳ”.\r\n\r\nHuawei cũng đã phải hoãn lại ngày ra mắt của một chiếc laptop mới. Mặc dù không rõ chiếc laptop mà Huawei dự định công bố là dòng sản phẩm nào, nhưng hồi đầu năm nhà sản xuất Trung Quốc này đã từng tiết lộ chiếc MateBook 14 và phiên bản nâng cấp của MateBook X Pro.', '2019-06-18', 2, 'http://genk.vn/laptop-huawei-bat-ngo-xuat-hien-tro-lai-tren-microsoft-store-sau-mot-thang-bien-mat-bi-an-20190618092418124.chn', 1, NULL, NULL);
INSERT INTO `articles` (`id`, `category_id`, `user_id`, `title`, `image`, `description`, `content`, `posting_date`, `view`, `source`, `status_id`, `created`, `modified`) VALUES
(14, 14, 28, 'Predator Helios 300 phiên bản 2019: Thiết kế cực ngầu, sức mạnh vô biên!', 'photo-1-1560414969992409422463.jpg\r\nphoto-1-1560414972717796988744.jpg\r\nphoto-2-15604149727281083090888.jpg\r\nphoto-3-15604149727391591619544.jpg\r\nphoto-4-1560414972750867302447.jpg\r\nphoto-5-1560414972755104273772.jpg\r\nphoto-6-1560414972759215137578.jpg\r\nphoto-7-15604149727611138946374.jpg', 'Với mức giá bán lẻ từ 37,990,000 đồng để nhận lại tất cả những phẩm chất tinh túy của một chiếc laptop chơi game thực thụ, Predator Helios 300 phiên bản 2019 với thiết kế mới, hiệu năng tối tân, sẽ là một chiến binh thực sự không thể bỏ qua cho mọi game t', 'Ngoài ra, Predator còn được bảo hành VIP 3S1 dành riêng cho các sản phẩm cao cấp của Acer.\r\n\r\nPredator Helios 300 phiên bản 2019: Thiết kế cực ngầu, sức mạnh vô biên! - Ảnh 1.\r\n\r\nVũ khí tối thượng với diện mạo gaming mới cực ngầu\r\n\r\nVề ngoại hình, Predator Helios 300 phiên bản 2019 đã có nâng cấp vượt trội với thiết kế bên ngoài mang đẳng cấp vượt thời gian. Acer đã trang bị cho chiếc máy này vỏ kim loại ở mặt trên và phần chiếu nghỉ tay cực kỳ chắc chắn, tô điểm bằng những đường nét màu xanh electric giống như những máy thuộc thương hiệu Predator khác, so với tông màu đỏ như thế hệ trước. Điều này giúp Acer dần định vị lại thương hiệu Predator ở thiết kế bên ngoài, mang lại năng lượng giải phóng đỉnh cao khi chiến game trên các cỗ máy cao cấp.\r\n\r\nPredator Helios 300 phiên bản 2019: Thiết kế cực ngầu, sức mạnh vô biên! - Ảnh 2.\r\n\r\nỞ lớp vỏ ngoài (mặt A), logo Predator được đặt nổi bật ngay chính giữa. Logo này có đèn viền LED phát sáng khi bật máy và được nhấn bằng 2 line màu xanh chạy dài bên cạnh cho cảm giác \"chất chơi\". Hai góc máy được vát cạnh đặc trưng của các dòng máy gaming của Predator. Đặc biệt, viền màn hình trên Predator Helios 300 phiên bản 2019 đã có cải tiến vượt bậc khi nay đã được thiết kế mỏng hơn rất nhiều, chỉ 7.3mm ở vùng mỏng nhất, giúp cho cả thân máy trở nên gọn nhẹ và tinh tế. Bản lề cứng cáp có thể gập mở với góc lên đến 180 độ đảm bảo cho việc chơi game thuận tiện trong mọi tình huống.\r\n\r\nPredator Helios 300 phiên bản 2019: Thiết kế cực ngầu, sức mạnh vô biên! - Ảnh 3.\r\n\r\nBàn phím trên Helios 300 phiên bản 2019 được thay đổi với font chữ Predator mới cực ngầu và đèn nền RGB 4 vùng. Sự tiện dụng đã được cải thiện đáng kể với hai phím nóng PredatorSense và Turbo mới, phím spacebar được thiết kế lớn hơn, cụm phím WASD, phím điều hướng, và các phím hotkey được làm nổi bật. Phím nóng Turbo được bố trí ngay trên bàn phím để nhanh chóng bật tắt ép xung khi đang trong những trận combat đỉnh cao chỉ bằng một nút bấm. Trong khi đó, phím PredatorSense mới giúp game thủ có thể nhanh chóng kiểm tra nhiệt độ CPU và GPU, điều chỉnh tốc độ quạt, đèn RGB,…\r\n\r\nPredator Helios 300 phiên bản 2019: Thiết kế cực ngầu, sức mạnh vô biên! - Ảnh 4.\r\n\r\nCông nghệ tối tân – Tản nhiệt mạnh mẽ trong suốt những trận chiến\r\n\r\nKhi nói đến một chiếc laptop chơi game thì không thể không nhắc đến sức mạnh nội lực của nó. Predator Helios 300 phiên bản 2019 được Acer trang bị cấu hình đủ để \"cân\" tất cả mọi loại game hiện nay. Sở hữu vi xử lý cao nhất lên đến Intel Core i Processors thế hệ thứ 9, card màn hình cao nhất NVIDIA GeForce RTX 2060 6G-GDDR6, Predator Helios 300 phiên bản 2019 có thể gánh các game hot như PUBG, CS:GO, Liên Minh Huyền Thoại với mức thiết lập cấu hình cao nhất một cách mượt mà.\r\n\r\nFan của những tựa game FPS chắc chắn sẽ bị \"hút hồn\" bởi màn hình Full HD IPS 15,6 inch được trang bị tần số quét cực nhanh lên đến 144Hz và độ phản hồi 3ms trên Predator Helios 300 phiên bản 2019, cho trải nghiệm chơi game mượt mà và sống động hơn bao giờ hết mà không bị rách hay xé khung hình. Predator Helios 300 còn sở hữu đầy đủ các cổng kết nối cao cấp hiện nay, bao gồm cổng ThunderBolt cho tốc độ truyền dữ liệu siêu tốc.\r\n\r\nPredator Helios 300 phiên bản 2019: Thiết kế cực ngầu, sức mạnh vô biên! - Ảnh 5.\r\n\r\nGiữ cho Predator Helios 300 phiên bản 2019 luôn mát mẻ là hệ thống quạt kép bao gồm quạt AeroBlade™ 3D thế hệ thứ 4. Thiết kế quạt thế hệ mới này được lấy cảm hứng từ cánh chim cú mèo giúp tối ưu hóa luồng không khí và giảm thiểu tiếng ồn đi 36%. Cánh quạt này siêu mỏng chỉ 0,1mm có răng cưa, gồm 59 lá thép mỗi quạt giúp khả năng tản nhiệt hiệu quả hơn. Hệ thống tản nhiệt này giúp cải thiện 45% luồng không khí qua thân máy. Lỗ thông hơi và ống xả được đặt ở vị trí hợp lý cùng công nghệ Acer CoolBoost™ giúp Predator Helios 300 giữ được nhiệt độ ổn định trong suốt những trận chiến căng thẳng.\r\n\r\nPredator Helios 300 phiên bản 2019: Thiết kế cực ngầu, sức mạnh vô biên! - Ảnh 6.\r\n\r\nĐặc biệt ở bản nâng cấp này, người dùng có thể dễ dàng giám sát toàn bộ hệ thống và điều khiển các thiết lập của máy thông qua ứng dụng PredatorSense trên smartphone. Giao diện của ứng dụng này rất trực quan, hiển thị đầy đủ các thông số như nhiệt độ hệ thống, xung nhịp hiện tại của CPU/GPU, tốc độ quạt,… Game thủ có thể nhanh chóng điều chỉnh tốc độ quạt, ép xung hệ thống ngay trên chiếc điện thoại của mình khi đang chiến game mà không cần phải Alt-Tab ra ngoài.\r\n\r\nPredator Helios 300 phiên bản 2019: Thiết kế cực ngầu, sức mạnh vô biên! - Ảnh 7.\r\n\r\nỨng dụng PredatorSense trên smartphone\r\n\r\nHiểu được số tiền không nhỏ khi game thủ phải bỏ ra để \"tậu\" một cỗ máy gaming đỉnh cao, tất cả các sản phẩm gaming bao gồm cả Predator Helios 300 phiên bản 2019 của Acer đều được hưởng dịch vụ bảo hành VIP 3S1 với cam kết sửa chữa nhanh trong vòng 3 ngày, nếu quá 3 ngày sẽ đổi ngay một chiếc máy mới tương đương (hoặc cao hơn). Game thủ chắc chắn sẽ không có lý do gì phải ngại ngùng khi có ý định tậu bất kỳ chiếc máy nào mang thương hiệu Acer – Predator cả!', '2019-06-14', 2, 'http://genk.vn/predator-helios-300-phien-ban-2019-thiet-ke-cuc-ngau-suc-manh-vo-bien-20190613172204452.chn', 1, NULL, NULL),
(15, 15, 102, 'Canon ra mắt bộ đôi máy ảnh chụp ảnh lấy ngay: Kết nối smartphone để in ảnh, làm remote chụp từ xa, thiết kế nhỏ gọn', 'dsc01927-15605086681691751070517.jpg\r\ndsc01916-1560508683562656069614.jpg\r\ndsc01921-15605086957391473670442.jpg\r\ndsc01915-156050933233833703548.jpg\r\ndsc01943-156050872481722378394.jpg\r\ndsc01918-15605087248092043504437.jpg\r\ndsc01899-15605087653672083077757.jpg\r\ndsc01905-1560508765370599362906.jpg\r\ndsc01907-15605087653732093408185.jpg\r\ndsc01909-15605087653781301808823.jpg\r\ndsc01910-156050876538095057496.jpg\r\ndsc01912-1560508765383642300653.jpg', 'Được biết, iNSPIC [C] sẽ có giá 4,2 triệu đồng, trong khi bản [S] là 5,6 triệu đồng. Cả hai sẽ bán ra trong đầu tháng 7 này.', 'Canon hôm nay chính thức ra mắt bộ đôi máy chụp ảnh lấy liền iNSPIC [S] và iNSPIC [C] với nhiều màu sắc tươi vui. Khi trào lưu máy chụp ảnh \"mì ăn liền\" nổi lên thì Canon cũng không đứng ngoài vòng xoáy này, đưa ra sản phẩm với thiết kế nhỏ gọn nhưng vẫn đảm bảo được chất lượng tốt cho người dùng.\r\n\r\nCanon ra mắt bộ đôi máy ảnh chụp ảnh lấy ngay: Kết nối smartphone để in ảnh, làm remote chụp từ xa, thiết kế nhỏ gọn - Ảnh 1.\r\n\r\niNSPIC [S] là phiên bản cao cấp nhất của bộ đôi lần này, theo đó có phần gương cầu bao quanh ống kính ở mặt trước khá to, giúp các bạn trẻ có thể bố cục khi selfie một cách dễ dàng, tránh tình trạng chụp lệch hỏng mất vài bức ảnh in.\r\n\r\nCanon ra mắt bộ đôi máy ảnh chụp ảnh lấy ngay: Kết nối smartphone để in ảnh, làm remote chụp từ xa, thiết kế nhỏ gọn - Ảnh 2.\r\n\r\nCanon cho biết với độ phân giải 8 MP, cùng hệ thống 8 đèn LED ẩn quanh ống kính, chiếc iNSPIC [S] này sẽ cho ra những bức ảnh chất lượng tốt dù ở bất kỳ hoàn cảnh ánh sáng nào. Điểm hay của nó còn ở chỗ có thể kết nối với smartphone thông qua ứng dụng Canon Mini Print giúp in ảnh lưu trong smartphone, trang trí sticker lên ảnh trước khi in, hay thậm chí là biến smartphone thành remote để điều khiển chụp ảnh từ xa.\r\n\r\nCanon ra mắt bộ đôi máy ảnh chụp ảnh lấy ngay: Kết nối smartphone để in ảnh, làm remote chụp từ xa, thiết kế nhỏ gọn - Ảnh 3.\r\n\r\nCanon ra mắt bộ đôi máy ảnh chụp ảnh lấy ngay: Kết nối smartphone để in ảnh, làm remote chụp từ xa, thiết kế nhỏ gọn - Ảnh 4.\r\n\r\nVới việc hỗ trợ thẻ Micro SD lên đến 256 GB, người dùng hoàn toàn có thể an tâm đi du lịch dài ngày mà không lo đến việc chuẩn bị quá nhiều ảnh in (máy dùng loại ảnh in nhiệt ZINK), lưu trực tiếp lên thẻ và khi về có thể in ra sau.\r\n\r\niNSPIC [C] cũng có kích thước tương đồng với người anh [S], tuy nhiên có cấu hình thấp hơn với cảm biến chụp 5 MP, gương selfie nhỏ hơn và chỉ có 1 đèn flash hỗ trợ.\r\n\r\nĐược biết, iNSPIC [C] sẽ có giá 4,2 triệu đồng, trong khi bản [S] là 5,6 triệu đồng. Cả hai sẽ bán ra trong đầu tháng 7 này.', '2019-06-16', 4, 'http://genk.vn/canon-ra-mat-bo-doi-may-anh-chup-anh-lay-ngay-ket-noi-smartphone-de-in-anh-lam-remote-chup-tu-xa-thiet-ke-nho-gon-20190614174403749.chn', 1, NULL, NULL),
(16, 16, 101, 'Bia đâu chỉ để uống, Kodak còn ra mắt loại bia có thể... tráng rửa phim máy ảnh', 'kodak_bia_1.png\r\nkodak_bia_2.png\r\nkodak_bia_3.png\r\nkodak_bia_4.gif\r\nkodak_bia_5.png', 'Loại bia này có vị chua nhẹ và có thành phần muối biển Hawaii.', 'Ngày nay, thật dễ dàng để bạn có được một tấm ảnh ưng ý chỉ bằng một vài cú bấm trên điện thoại hoặc máy ảnh kỹ thuật số. Nhưng với dân nhiếp ảnh gia thứ thiệt, máy ảnh phim vẫn chiếm vị trí độc tôn không thể thay thế, dù chúng cồng kềnh và dễ gây “đau ví” hơn nhiều. Chưa kể máy ảnh phim còn đi kèm với công đoạn rửa phim cầu kỳ và nhàm chán.\r\n\r\nNhưng giờ đây, hãng Kodak đã biến công đoạn này trở nên thú vị hơn nhiều. Hãng này đã hợp tác cùng thương hiệu bia nổi tiếng Dogfish Head để cho ra đời loại bia đặc biệt có thể… rửa ảnh theo đúng nghĩa đen.\r\n\r\nBia đâu chỉ để uống, Kodak còn ra mắt loại bia có thể... tráng rửa phim máy ảnh - Ảnh 1.\r\n\r\nLoại bia này được đặt tên là SuperEIGHT, có màu đỏ tươi và vị chua nhẹ, nồng độ cồn là 5,3%. Cái tên của nó đã nói lên tất cả, loại bia này được ủ từ một số loại hoa quả nhiệt đới với một lượng nhỏ kiều mạch và một ít muối biển Hawaii.\r\n\r\nMột cách lý giải khác cho cái tên SuperEIGHT là để vinh danh loại máy quay phim cùng tên (Super8) của Kodak. Loại bia này có thể dùng để rửa phim Tri-X của Super 8.\r\n\r\nBia đâu chỉ để uống, Kodak còn ra mắt loại bia có thể... tráng rửa phim máy ảnh - Ảnh 2.\r\n\r\nTheo Sam Calagione - nhà sáng lập kiêm CEO của Dogfish Head giới thiệu, cảm hứng sáng tạo ra dòng bia này bắt nguồn từ lần tham dự một chương trình podcast của Kodak vào năm ngoái. Thời điểm đó, Calagione phát hiện ra chỉ cần bia có độ chua và hàm lượng vitamin C thích hợp thì sẽ có thể dùng như chất tráng phim cho một số loại phim.\r\n\r\nBia đâu chỉ để uống, Kodak còn ra mắt loại bia có thể tráng rửa phim máy ảnh - Ảnh 3.\r\n\r\n\r\nDo đó, Dogfish Head đã chơi lớn điều chế riêng một công thức bia cho phim của Super 8 để hãng Kodak phải trầm trồ. Loại bia này đã được thử nghiệm thành công tại xưởng của hãng Kodak.\r\n\r\nBia đâu chỉ để uống, Kodak còn ra mắt loại bia có thể... tráng rửa phim máy ảnh - Ảnh 4.\r\n\r\nVậy rốt cuộc phim được rửa bằng bia sẽ đem lại hiệu quả hình ảnh như thế nào? Không để người dùng phải chờ đợi lâu, hãng Kodak đã tung ra một đoạn phim “thành phẩm”. Đây là một đoạn phim đen trắng, độ sắc nét yếu và bị lẫn nhiều vệt trắng. Thôi cứ để uống cho lành!\r\n\r\nĐược biết bia SuperEIGHT đã chính thức xuất hiện trên thị trường vào tháng 4 năm nay, đi kèm một clip ngắn được rửa bằng chính sản phẩm độc đáo này.\r\n\r\nTrước đó, hãng bia Dogfish Head từng nổi tiếng với sở thích tạo ra những loại bia kỳ quặc khiến người khác phải trầm trồ. Vài năm trước, để kỷ niệm ngày tàu Apollo 11 hạ cánh lên mặt trăng, Dogfish Head từng “xin” được một ít bụi mặt trăng từ NASA và cho chúng vào bia, tạo ra loại bia phiên bản giới hạn có tên Oktoberfest.', '2019-05-01', 1, 'http://genk.vn/bia-dau-chi-de-uong-kodak-con-ra-mat-loai-bia-co-the-trang-rua-phim-may-anh-20190515175102734.chn', 1, NULL, NULL),
(17, 17, 101, 'Phi hành gia NASA mang máy ảnh DSLR lên vũ trụ chụp đường đua, kết quả nhìn đẹp như là thơ vậy', '1-15512311383491473975071.png\r\n2-15512311383561274477837.png\r\n3-15512311383601468006278.png\r\n9-15512311383831663999860.png\r\n8-155123113838059265145.png\r\n7-1551231138378537225599.png\r\n6-1551231138375245880746.png\r\n5-15512311383691218926187.png\r\n4-15512311383641004003030.png\r\n13-15512311383971382794465.png\r\n12-15512311383952001255613.png\r\n11-15512311383901785186143.png\r\n10-15512311383851529752833.png\r\n14-1551231138400461007573.png', 'Toàn bộ quá trình này được thực hiện bằng máy ảnh DSLR Nikon.', 'Drew Feustel là một phi hành gia làm việc tại NASA, lớn lên tại thành phố Detroit và có niềm đam mê mãnh liệt với bộ môn đua xe. Niềm đam mê này theo anh lên tới Trạm vũ trụ quốc tế (ISS) vào 2018, khi anh sử dụng máy ảnh DSLR Nikon của mình để chụp các đường đua xe từ ngoài Trái đất!\r\n\r\nPhi hành gia NASA mang máy ảnh DSLR lên vũ trụ chụp đường đua, kết quả nhìn đẹp như là thơ vậy - Ảnh 1.\r\n\r\n\"Từ bé tôi đã là fan của bộ môn đua xe, dù là IndyCar, Công thức 1 hay MotoGP, tôi đều xem chúng hàng ngày. Tôi xem các giải đấu, theo dõi các đội đua và các tay đua. Và vì là một \'fan cứng\', tôi dành thời gian của mình ở trạm ISS chụp hình những đường đua, và rồi xem những trận đua trên TV\".\r\n\r\nPhi hành gia NASA mang máy ảnh DSLR lên vũ trụ chụp đường đua, kết quả nhìn đẹp như là thơ vậy - Ảnh 2.\r\n\r\nViệc chụp những hình ảnh này cũng không phải dễ dàng. Anh Feustel phải thông báo rằng muốn chụp đường đua nào với trung tâm dưới Trái đất, để họ tính toán xem thời điểm trạm ISS sẽ bay qua để anh chuẩn bị ra ngoài chụp.\r\n\r\n\"Những bức hình này được tôi chụp lúc rảnh rỗi, lúc buổi tối hoặc cuối tuần. Tôi sẽ phải có kế hoạch nhiều ngày để có thể chụp được những đường đua yêu thích, vì tốc độ bay nhanh nên chúng chỉ lướt qua trong 5 phút.\"\r\n\r\nPhi hành gia NASA mang máy ảnh DSLR lên vũ trụ chụp đường đua, kết quả nhìn đẹp như là thơ vậy - Ảnh 3.\r\n\r\nNhững bức hình này được chụp bằng máy Nikon D5, ống kính 800mm và ngàm nối tiêu cự 2x để tạo ra tiêu cự 1600mm. Việc chọn khung cho bức hình cũng rất khó, các đường đua này trên Vũ trụ nhìn xuống rất bé.\r\n\r\n\"Khi nhìn bằng mắt thường tôi có thể nhìn thấy được 1 lúc 30 đường đua! Nhưng khi nhìn qua ống ngắm thì việc chọn lấy được 1 chiếc trở nên dễ dàng hơn. Đôi lúc do chọn không đúng địa điểm dẫn đến đặt sai vị trí máy ảnh nên tôi không chụp được đường đua.\"\r\n\r\nTrạm ISS bay cách mặt đất 250 dặm, với tốc độ lên tới 17,500 dặm trên giờ, nên việc chụp được chính xác những sự vật ở dưới đất cũng rất khó khăn. Nhưng với tính kiên nhẫn, niềm đam mê thì phi hành gia kiêm nhiếp ảnh gia này đã làm được.', '2019-05-11', 1, 'http://genk.vn/phi-hanh-gia-nasa-mang-may-anh-dslr-len-vu-tru-chup-duong-dua-ket-qua-nhin-dep-nhu-la-tho-vay-20190227085245213.chn', 1, NULL, NULL),
(18, 4, 28, 'Tai nghe đắt nhất thế giới, 2,7 tỷ đồng, sẽ cho khách nghe thử tại triển lãm Headphile Show 2019 ở TP.HCM', 'focal-utopia-by-tournaire.jpg\r\nhinh-tcbc-2.jpg\r\nutopia-by-tournaire-2.jpg', 'Tại triển lãm Headphile Show 2019 tuần tới, khách tham quan sẽ được nghe thử chiếc tai nghe Focal Utopia by Tournaire, tai nghe đắt giá nhất thế giới lần đầu tiên xuất hiện tại Việt Nam', 'Headphile Show 2019, triển lãm về tai nghe và thiết bị âm thanh di động cao cấp, lần đầu tiên được tổ chức tại Tp.HCM từ 29 đến 30 tháng 6 tại Trung Tâm Hội Nghị 272 – 272 Võ Thị Sáu, Phường 7, Quận 3, Hồ Chí Minh.\r\n\r\n\r\nVới sự quy tụ của hầu hết các thương hiệu tai nghe và thiết bị âm thanh di động hàng đầu hiện nay, triển lãm Headphile Show 2019 hứa hẹn sẽ mang lại những trải nghiệm đã tai dành cho khách tham quan, những người đam mê thú chơi tai nghe, công nghệ âm thanh di động cao cấp và kết nối đa phòng thông minh. \r\n\r\nĐược tổ chức bởi Nghe Nhìn Việt Nam, tạp chí chuyên ngành về thiết bị âm thanh hi-end, Headphile Show 2019 sẽ không chỉ có sự góp mặt của các thương hiệu hàng đầu trong ngành như Focal, Sennheiser, Sony, JBL, Harman Kardon, AKG, Astell&Kern, Jabra, Meze, Dynaudio, McIntosh, Pioneer, Audiotechnica, Yamaha… mà còn có sự tham gia của các đơn vị từ các nước trong khu vực, mang đến những thương hiệu chưa từng xuất hiện tại Việt Nam trước đây như Dita, Final, Lotoo...\r\n\r\nĐể mang đến nên một sân chơi thật sự cho người đam mê tai nghe và âm thanh di động cũng như tạo cơ hội gặp gỡ cho những người có cùng sở thích với không gian trải nghiệm thoải mái, sáng tạo và mới mẻ, ban tổ chức đã thiết kế 3 khu vực riêng biệt gồm: khu vực trải nghiệm tai nghe là không gian kín tách biệt, cách li tiếng ồn, khu vực trưng bày - trình diễn loa di động động cao cấp và khu hội thảo chuyên đề.\r\n\r\nTrải nghiệm tai nghe đắt nhất thế giới và những thiết kế đầu bảng\r\n\r\n\r\nChiếc tai nghe Focal Utopia by Tournaire.\r\n\r\nFocal Utopia by Tournaire, tai nghe đắt giá nhất thế giới lần đầu tiên xuất hiện tại Việt Nam sẽ làm điểm nhấn ấn tượng nhất tại triển lãm Headphile Show 2019.\r\n\r\n\r\nChiếc tai nghe có giá lên đến 2,7 tỉ đồng này được xem là một tuyệt phẩm nghe nhìn được chế tác bởi các nghệ nhân đến từ nhà thiết kế trang sức nổi tiếng của Pháp, Tournaire, sử dụng 18 Karat kim cương và nhiều chi tiết mạ vàng trên nền tai nghe nguyên bản Focal Utopia.\r\n\r\nTriển lãm cũng là nơi để người chơi tai nghe có cơ hội trải nghiệm những thiết kế headphone, máy nghe nhạc, headphone amp và DAC di động mới và cao cấp nhất hiện nay.\r\n\r\nNổi bật phải kể đến các mẫu tai nghe như: Focal Stellia, Sennheiser HD820, Dita Dream XLS, Final Audio B1, Sony MDZ1R, Meze Audio Empyrean, Itsfit R3...; Máy nghe nhạc hi-res: Astell&Kern SP2000, Cowon Plenue L, Lotoo Paw Gold Touch, iBasso DX220...; Headphone amp và DAC di động: Sennheiser HDV820, McIntosh MHA-50, Chord Qutest, Chord Hugo 2, Luxman P700u, Simaudio Moon NEO 430HAS...\r\n\r\nLoa di động thế hệ mới, đa kết nối, thiết kế lifestyle, chất lượng trình diễn tối ưu\r\n\r\nBên cạnh khu vực tai nghe, Headphile Show 2019 còn có khoảng không gian mở với nhiều gian hàng thoáng, rộng để khách tham quan có thể trải nghiệm những mẫu loa di động từ loại cầm tay du lịch nhỏ gọn, cho đến những dòng loa có khả năng trình diễn live/karaoke và đặc biệt là những mẫu loa không dây hi-end cao cấp với thiết kế sang trọng, tích hợp streaming, đa phòng thông minh mang lại chất lượng tái tạo âm thanh rất ấn tượng.\r\n\r\nĐơn cử trong số đó là thiết kế McIntosh RS200, loa di động hi-end lần đầu tiên xuất hiện tại Việt Nam cho công suất 650W, thiết kế cao cấp, sang trọng với hai đồng hồ xanh UV, tích hợp streaming và đa phòng.\r\n\r\nHay như dòng loa Dynaudio Music có ngoại hình và âm thanh đậm chất Bắc Âu, trang bị củ loa hi-end nhà nghề, tích hợp công nghệ khử ồn và tự động tối ưu trình diễn độc đáo.\r\n\r\nNgoài ra, cũng không thể không nhắc đến dàn Harman Kardon Citation Series với trang bị nhiều mẫu loa đa dạng với công suất khác nhau trong một thiết kế nét tinh tế, sang trọng, nổi bật với tính năng kết nối đa phòng đồng bộ, streaming và hỗ trợ kết nối trợ lý ảo Google Alexa.\r\n\r\nHội thảo chuyên đề công nghệ, xu hướng mới\r\n\r\nTại triển lãm Headphile Show 2019, những người có cùng đam mê tai nghe cao cấp cũng như yêu thích các dòng loa di động công nghệ cao sẽ có dịp tham gia các hội thảo chuyên đề, giúp hiểu sâu hơn về thiết bị, kỹ thuật, cũng như cập nhật những xu hướng set-up và nguồn phát mới nhất.\r\n\r\nVà đặc biệt tại triển lãm Headphiles Show năm nay, Ban biên tập tạp chí Nghe Nhìn Việt Nam sẽ tiến hành trải nghiệp thực tế, đánh giá chất lượng trình diễn và bình chọn giải thưởng “Best of Headphile Show Award” cho các thiết bị xuất sắc nhất.\r\n\r\nTriển lãm Headphile Show 2019 miễn phí hoàn toàn vé vào cửa. Khi đến tham dự triển lãm, khách tham quan không chỉ được trải nghiệm, khám phá những sản phẩm mới mà còn có cơ hội bốc thăm và trúng các giải thưởng giá trị.', '2019-06-19', 53, 'https://ictnews.vn/the-gioi-so/hinh-anh-am-thanh/tai-nghe-dat-nhat-the-gioi-2-7-ty-dong-se-cho-khach-nghe-thu-tai-trien-lam-headphile-show-2019-o-tp-hcm-184256.ict', 1, NULL, NULL),
(19, 5, 28, 'TV QLED 2019: TV như khung cửa nhìn ra thế giới', '_dsf4699-copy.jpg\r\n_dsf4660.jpg\r\n_dsf4671-copy.jpg\r\n_dsf4736-copy.jpg\r\n_dsf4720.jpg', 'Không chỉ đơn thuần màn đến độ phân giải cao ngất, dòng TV QLED 2019 cho thấy nền công nghiệp TV đã tiến thêm một bước dài trong việc mang đến những khung hình chân thực và sống động hơn bên cạnh việc giải quyết những vấn đề cố hữu trước đó như hiện tượng', 'Samsung vừa mang về những mẫu TV 8K đầu tiên tại Việt Nam. Chất lượng hình ảnh của thế hệ TV QLED 8K mới rất ấn tượng. Nó được trang bị một lớp quang học tương ứng công nghệ Ultra Viewing Angle hướng tới cải thiện góc nhìn, độ tương phản. Những mẫu TV này cũng hỗ trợ tính năng làm mờ cục bộ (local dimming) giúp thể hiện màu đen tựa như một căn phòng tối như hũ nút. Nó cũng mang đến dải màu rộng, với độ sáng đỉnh HDR xuất sắc có thể hiển thị nội dung HDR đầy màu sắc và sáng rực.\r\n\r\n\r\nXem nội dung 4K trên TV 8K hình ảnh trung thực giống như mở một khung cửa nhìn ra thế giới.\r\n\r\nĐộ phân giải 8K\r\n\r\nVới độ phân giải 8K (7.680 x 4.320 pixel) thì độ sắc nét - với tổng số điểm ảnh lên đến 33,2 triệu ảnh gấp 16 lần so với Full HD - là điều không phải bàn cãi khi theo dõi nội dung chất lượng cao trên loạt TV QLED mới.\r\n\r\nHiểu đơn giản, nhiều điểm ảnh hơn nghĩa là có nhiều thông tin hơn, nhiều chi tiết hơn và mang đến chất lượng hình ảnh tốt hơn. Độ chi tiết cao ngất trời, màu sắc chuẩn mực theo đúng như những gì Samsung miêu tả theo cách đầy tự hào.\r\n\r\nSự chuyển động tự nhiên, hiện tượng nhiễu của hình ảnh khó để nhận ra và không gian ba chiều được thể hiện chân thực. Tông màu đen sâu và đa sắc độ còn tông màu trắng thì sáng và sạch. Độ sắc nét của những chiếc TV QLED 8K có thể tạo ra cảm giác như bạn đang ngắm nhìn quang cảnh qua một khung cửa kính vừa được làm sạch hơn là đang xem một chiếc TV.\r\n\r\nTrước mắt có thể tạm thời quên đi việc thiếu vắng nội dung 8K cho thế hệ TV này bởi Samsung đã sử dụng công nghệ AI Upscale để nâng cấp các nội dung SD, HD và UHD lên mức 8K để người dùng có thể thưởng thức rõ nét trên những chiếc TV QLED mới.\r\n\r\n\r\nCác nội dụng được upscale lên gần với chất lượng 8K.\r\n\r\nỞ một khoảng cách gần nhất định, độ phân giải cao của TV 8K sẽ phản ánh rõ nét giới hạn của mắt người tốt hơn 4K hay Full HD. Trải nghiệm người dùng với độ phân giải 8K sẽ mang đến nhiều cảm xúc hơn bởi độ chi tiết được đẩy lên mức cực đại, cho cảm giác gần gũi giữa hình ảnh trên TV với thế giới thực. Hơi khó tả nhưng, cảm giác xem TV 8K và những thế hệ TV trước cũng tựa như một bên là đang xem một bức tranh gốc được vẽ bởi các danh họa bên còn lại là một bản tranh chép với nội dung tương tự…\r\n\r\nXử lý chuyển động mượt mà\r\n\r\nTV QLED 2019 cho thấy khả năng xử lý chuyển động mượt mà, thời gian đáp ứng nhanh và khó nhận thấy các dấu vết mờ.\r\n\r\nĐèn nền của chúng cũng tốt hơn thế hệ 2018 và có tần số nhấp nháy rất nhanh – 960Hz trong hầu hết các chế độ. Nó nhanh đến mức gần như chúng ta không thể nhận biết được. Nó cũng hỗ trợ tính năng chèn khung hình đen, có thể hạ thấp tần số nhấp nháy xuống 60Hz trong chế độ trò chơi để giúp các chuyển động xuất hiện rõ nét hơn.\r\n\r\n\r\nVới tần số quét cao cộng chất lượng tấm nền OLED, các chuyển động nhanh vẫn không bị mờ.\r\n\r\nBên cạnh đó, các mẫu TV QLED 2019 cũng hỗ trợ nội suy nội dung có tốc độ khung hình thấp lên mức 120Hz, ngay cả ở chế độ trò chơi, và có thể loại bỏ sự rung lắc từ bất kỳ nguồn đầu vào nào.\r\n\r\nVà cũng giống như hầu hết các mẫu TV cao cấp 2018, thế hệ TV QLED 2019 hỗ trợ tốc độ làm mới (refresh) biến hóa với FreeSync.\r\n\r\nMàu sắc rực rỡ cùng HDR\r\n\r\nTheo Samsung, dòng TV QLED này có thể tái hiện 100% màu sắc trong không gian màu DCI-P3 – định dạng được dùng phổ biến trong điện ảnh. Điển hình như độ chính xác màu sắc của Samsung Q900R đạt mức cao với chỉ số delta E đạt 0,78 (tiệm cận mức 0 lý tưởng) và khả năng cân bằng tông màu trắng khá chuẩn với delta E (cân bằng trắng) là 0,55. Nhiệt màu của nó cũng ở mức 6446K, nghĩa là tiến rất gần đến mức kỳ vọng 6500K.\r\n\r\nMàu sắc từ TV rực rỡ nhờ HDR.\r\n\r\nCông nghệ Quantum HDR 4.000 nits của Samsung mang đến độ sáng tối đa cao gấp nhiều lần TV 4K truyền thống. Kèm theo đó là khả năng hỗ trợ HDR10+ tối ưu hóa dải tương phản HDR tương ứng với từng phân cảnh để tái hiện các chi tiết dù là nhỏ nhất để mang đến sự chân thực của hình ảnh.\r\n\r\nSự nâng cấp này kết hợp với việc màu sắc rực rỡ bởi công nghệ chấm lượng tử và màu đen chân thực với giải pháp chiếu sáng/làm mờ cục bộ sẽ tạo ra khung cảnh có chiều sâu trung thực hơn – nhất là trong những khung cảnh được chiếu sáng đặc biệt. TV QLED 8K mới cũng tự động điều chỉnh độ sáng dựa trên ánh sáng tự nhiên của phòng.\r\n\r\nNói không với hiện tượng Burn In (lưu ảnh)\r\n\r\nĐược phát triển để trở thành một đối thủ cạnh tranh với OLED, công nghệ QLED đã thể hiện ưu thế khi không mắc phải hiện tượng Burn-In thường gặp trên các màn hình OLED. Thế nên, các TV QLED 8K sử dụng tấm nền VA của Samsung sẽ bền bỉ hơn và không còn khiến người dùng tức mắt khi nhìn thấy những hình ảnh bị lưu lại sau một thời gian sử dụng.\r\n\r\n\r\nTấm nền OLED công nghệ mới làm hạn chế tình trạng lưu ảnh, do đó có thể bật TV ở chế độ màn hình chờ với một màu chiếu trong thời gian dài.\r\n\r\nKết quả này được đúc kết qua nhiều bài thử nghiệm Burn In dài hơi và cho thấy các dòng TV QLED hầu như miễn dịch với “căn bệnh nan y” của OLED.', '2019-06-18', 8, 'https://ictnews.vn/the-gioi-so/hinh-anh-am-thanh/tv-qled-2019-tv-nhu-khung-cua-nhin-ra-the-gioi-183835.ict', 1, NULL, NULL),
(21, 6, 101, 'Garmin ra mắt Forerunner 245, bổ sung tính năng nghe nhạc', 'frn245m.png\r\n20181016_support_cmyk_fit_7837-800x533.jpg\r\n20181016_support_cmyk_fit_9083-800x769.jpg\r\n20181016_support_cmyk_fit_9227-800x533(3).jpg', 'Bộ đôi Garmin Forerunner 245 và Garmin Forerunner 245 Music mới ra mắt có bộ màu sắc thời trang hơn và xx tính năng, như nghe nhạc ngoại tuyến đến các tính năng đào tạo và lập bản đồ nâng cao.', 'Dựa trên nền tảng phát triển từ những chiếc đồng hồ thông minh tích hợp GPS của Garmin, bộ đôi Forerunner 245 và Forerunner 245 Music bao gồm nhiều tính năng theo dõi và luyện tập nâng cao, giúp người dùng từng bước cải thiện thành tích sau mỗi ngày tập luyện. Riêng phiên bản Forerunner 245 Music có thể chứa khoảng 500 bài hát và cho phép bạn đồng bộ danh sách phát nhạc được tải sẵn từ Spotify và Deezer, hoặc tải từ máy tính.\r\n\r\n20181016_support_cmyk_fit_7837-800x533.jpg\r\n\r\nTổng thể, đây là dòng đồng hồ thông minh được thiết kế có tích hợp GPS, theo dõi hoạt động cả ngày, thông báo thông minh, đo nhịp tim trên cổ tay cùng các tính năng theo dõi, hỗ trợ tập luyện an toàn mới với khả năng chia sẻ vị trí thời gian thực của người dùng khi trong trường hợp khẩn cấp - đã được cài đặt trước trong trường hợp người dùng gặp sự cố cần hỗ trợ.\r\n\r\nTập luyện an toàn hơn\r\n\r\nĐược thiết kế dành riêng cho người chạy bộ, Forerunner 245 và Forerunner 245 Music không chỉ giúp người dùng theo dõi quá trình chạy bộ mà còn giúp phân tích các chỉ số chạy chuyên sâu, lịch sử vận động, những mục tiêu đã cài đặt và nhiều hơn thế nữa.\r\n\r\nTất cả sẽ được hiển thị, cập nhật để giúp người chạy hiểu rõ hơn về tiến trình đã tập luyện của mình.\r\n\r\nfrn245m.png\r\n\r\nBộ sản phẩm mới còn được trang bị một công cụ theo dõi năng lượng “pin cơ thể” được gọi là “Body Battery” để thông báo cho bạn biết khi nào cơ thể đã “cạn kiệt sức lực” hay nên sử dụng phần năng lượng đó vào một hoạt động nào cho hợp lí, phù hợp với tình trạng thể chất hiện tại, hạn chế được những tình huống ngoài ý muốn khi cố gắng vận động vượt qua giới hạn cho phép.\r\n\r\nNgoài ra, bộ đôi này còn mang đến tính năng mới Running Awarenesss. Tại đây, người dùng có thể cài đặt trước các liên hệ khẩn cấp để thiết bị này có thể chia sẻ vị trí của bạn với họ khi có sự cố xảy xa như ngã, chấn thương, …\r\n\r\nĐầu tư về thiết kế, nâng cao trải nghiệm\r\n\r\nForerunner 245 và Forerunner 245 Music được thiết kế từ các chất liệu nhẹ nhưng chắc chắn với kết cấu bằng sợi cốt thép polymer FRP (fiber-reinforced polymer) và màn hình hỗ trợ kính cường lực Corning Gorilla Glass 3. Thiết bị với 5 nút bấm vật lý, dễ thao tác kể cả khi mang găng tay trong nhiều điều kiện thời tiết. Màn hình Forerunner 245 hiển thị tốt dưới ánh sáng mặt trời và trong chế độ luôn luôn bật.\r\n\r\nLuyện tập với huấn luyện viên của Garmin\r\n\r\nNgười dùng Garmin đã có thể nhận được các kế hoạch đào tạo tùy chỉnh với sự giúp đỡ của 3 huấn luyện viên chạy chuyên nghiệp: Jeff Galloway, Greg McMillan và Amy Parkerson-Mitchell trong việc hoàn thành đường chạy cự ly 5km.\r\n\r\n20181016_support_cmyk_fit_9083-800x769.jpg\r\n\r\nCác khóa đào tạo từ huấn luyện viên của Garmin hoàn toàn miễn phí, được xây dựng các mức độ dựa trên mục tiêu và hiệu suất tập luyện khác nhau của người chạy, từ đó hướng dẫn và thúc đẩy họ để cải thiện thành tích mỗi ngày.\r\n\r\nThêm các tính năng đào tạo nâng cao\r\n\r\nForerunner 245 và Forerunner 245 Music cung cấp cho bạn cái nhìn chi tiết hơn về quá trình vận động và phục hồi để có tập luyện khoa học hơn, giúp chuẩn bị tốt cho cuộc đua tiếp theo. Thiết bị còn giúp theo dõi chỉ số VO2 tối đa và có thể đánh giá được mức độ ảnh hưởng của nhiệt độ và độ cao đến hiệu suất tập luyện của bạn.\r\n\r\n20181016_support_cmyk_fit_9227-800x533(3).jpg\r\n\r\nBộ đôi mới tương thích với các phụ kiện thể thao bao gồm Garmin Running Dynamics Pod hoặc dây đai đo nhịp tim với khả năng ghi chép và cung cấp lại dữ liệu chạy bộ của người dùng. Ngoài việc tập luyện, Forerunner 245 và Forerunner 245 Music cung cấp các công cụ phổ biến để theo dõi sức khỏe, đặc biệt là cảm biến Pulse Ox dựa trên cổ tay sẽ giúp đánh giá mức độ hấp thụ oxy của cơ thể\r\n\r\nForerunner 245 có sẵn màu xám và màu vàng Amp Yellow. Forerunner 245 Music có sẵn màu đen, màu xanh aqua và đỏ lava red (màu độc quyền cho Đông Nam Á). Sản phẩm đã được có mặt tại các đại lý của Synnex FPT trên toàn quốc với giá bán lẻ 7,79 triệu đồng cho Forerunner 245 và 8,99 triệu đồng cho phiên bản Forerunner 245 Music.', '2019-06-01', 0, 'https://ictnews.vn/the-gioi-so/phu-kien/garmin-ra-mat-forerunner-245-bo-sung-tinh-nang-nghe-nhac-182819.ict', 1, NULL, NULL),
(23, 1, 102, 'Nếu Tesla gia nhập thị trường smartphone, chiếc điện thoại của hãng trông sẽ như thế nào?', '2019-06-29011007-1561772205046946133114-crop-15617722752622000537874.jpg\r\n2019-06-29011318-15617722050661726581493.jpg\r\n2019-06-29011301-15617722050591972424489.jpg\r\n2019-06-29011102-1561772205049883518050.jpg\r\n2019-06-29011222-15617722050511993464869.jpg\r\n2019-06-29011232-15617722050551771552629.jpg\r\n2019-06-29011256-1561772205057440126596.jpg\r\n2019-06-29011312-15617722050621565685186.jpg', 'Nhà thiết kế Martin Hajek hiện sống tại Hà Lan đã cho thấy ý tưởng một chiếc smartphone mang phong cách của Tesla trông sẽ như thế nào nếu như Elon Musk quyết định chuyển sang sản xuất smartphone.', 'Elon Musk được biết đến là một người có tầm nhìn đột phá. Ông đã dành hai thập kỷ qua để đạt tới những bước tiến không tưởng trong ngành công nghiệp xe hơi và vũ trụ.\r\n\r\nNếu Tesla gia nhập thị trường smartphone, chiếc điện thoại của hãng trông sẽ như thế nào? - Ảnh 1.\r\nTuy nhiên Musk chưa bao giờ công khai ý định tham gia vào mảng smartphone. Nhưng hãy tưởng tượng xem, nếu một ngày Musk quyết định tham gia vào thị trường đầy khắc nghiệt này, chiếc smartphone của Tesla sẽ thú vị ra sao.\r\n\r\nNhà thiết kế Martin Hajek đã đưa ra ý tưởng thú vị về một sản phẩm như vậy của Tesla. Chiếc điện thoại này sẽ có tên gọi là Tesla Model P với lớp vỏ màu đỏ bóng ở mặt sau, gợi sự liên tưởng đến phần vỏ của một chiếc xe hơi.\r\n\r\nNếu Tesla gia nhập thị trường smartphone, chiếc điện thoại của hãng trông sẽ như thế nào? - Ảnh 2.\r\nMáy có thiết kế khá mỏng và bo cong các cạnh. Thay vì có dạng hình hộp thông thường, máy sẽ có thiết kế hình tròn giống với xe Tesla. Có thể coi thiết kế của Model P giống như một chiếc xe Tesla phóng to vậy.\r\n\r\nNếu Tesla gia nhập thị trường smartphone, chiếc điện thoại của hãng trông sẽ như thế nào? - Ảnh 3.\r\nViền loa được làm bằng sợi carbon để tăng tính thể thao cho thiết bị. Trong khi phần \"tai thỏ\" của máy được làm theo phong cách khá lạ với một lớp lưới tản nhiệt giống Tesla Mode S và X.\r\n\r\nNếu Tesla gia nhập thị trường smartphone, chiếc điện thoại của hãng trông sẽ như thế nào? - Ảnh 4.\r\nNhìn chung ý tưởng này mang đậm chất viễn tưởng hơn vì thoạt nhìn nó không hề giống với bất kỳ một chiếc smartphone nào trên thị trường. Nhưng cần phải khẳng định rằng, Elon Musk luôn nổi tiếng với những ý tưởng điên rồ nên nếu một chiếc máy như vậy có ra mắt cũng không phải là điều quá kỳ lạ.\r\n\r\nCâu hỏi đặt ra là bao giờ thì Musk mới định tham gia vào thị trường smartphone? Câu trả lời có lẽ chỉ có Musk biết mà thôi.', '2019-06-29', 0, 'http://genk.vn/neu-tesla-gia-nhap-thi-truong-smartphone-chiec-dien-thoai-cua-hang-trong-se-nhu-the-nao-20190629083943436.chn', 1, NULL, NULL),
(24, 8, 28, 'Cứ nhìn vào con số này là thấy ngay vì sao ứng dụng trên iPhone luôn tốt hơn, được coder ưu ái nhiều hơn so với Android', '2560x1440-white-solid-color-background-3-1561203832292971297189-crop-1561203842063157077024.jpg\r\nblog-image-ps4-remote-play-15612031857731006727525.jpg\r\napple-iphone-xr-xs-xs-max-8-7-prices-1561203575622485428890.jpg\r\ntop-app-developers-q1-2019-840x535-15612034832011550424587.jpg', 'Bạn có 2 lựa chọn để kiếm cơm. Một là làm việc khó để thu về ít tiền. Hai là làm việc dễ để thu nhiều tiền hơn. Lựa chọn của bạn là gì?', 'Bất kỳ ai có một chút hiểu biết về thị trường smartphone đều biết rằng các hãng Android đè bẹp Apple. Như quý 1 vừa qua chẳng hạn, thị phần iPhone bán ra trên toàn cầu đạt vỏn vẹn 11,7%, số còn lại thuộc về Android. Tức là, cứ 1 người mua iPhone thì có đến 8 người mua Android.\r\n\r\nTrong bối cảnh ấy, lẽ ra các nhà phát triển ứng dụng phải ưu ái Android. Lẽ ra ứng dụng Android phải đè bẹp Apple về chất lượng. Nhưng thực tế là hoàn toàn ngược lại.\r\n\r\nVí dụ, mạng xã hội thuộc hàng \"top\" thế giới là Instagram đợi hẳn... 1 năm rưỡi mới từ iOS đặt chân lên Android. Microsoft Office mất 7 tháng, Fortnite mất 4 tháng. Sony khi ra mắt ứng dụng PS4 Remote Play lại chọn ưu ái iOS hơn cả smartphone Android nói chung (Xperia được hỗ trợ ứng dụng này đầu tiên). Ngay cả Google cũng nhiều lần ra mắt ứng dụng trên iOS trước rồi mới đưa lên Android.\r\n\r\nCứ nhìn vào con số này là thấy ngay vì sao ứng dụng trên iPhone luôn tốt hơn, được coder ưu ái nhiều hơn so với Android - Ảnh 1.\r\nĐến cả Sony còn coi Android (ngoại trừ Xperia) là \"hạng hai\" so với iOS.\r\n\r\nĐể hiểu nghịch lý này, bạn chỉ cần đặt mình vào vị trí của những người kiếm cơm bằng ứng dụng. Bạn có 2 lựa chọn, một là làm việc khó để thu về ít tiền. Hai là làm việc dễ để thu nhiều tiền hơn.\r\n\r\nAndroid chính là lựa chọn số 1. Theo một thống kê được công ty Infinum thực hiện trên 6 dự án vào năm 2015, tính trung bình mỗi dự án Android buộc lập trình viên phải viết/bảo trì lượng mã nguồn (LoC) nhiều hơn 40% so với iOS. Cùng một nội dung ứng dụng, lập trình viên Android mất thêm 30% số giờ so với lập trình viên iOS.\r\n\r\nTrong môi trường doanh nghiệp, số giờ là số tiền phải chi trả. Và số giờ cũng có thể đồng nghĩa với mức độ thoải mái của nhân viên: có những việc làm mất ít thời gian trên iOS, khi lên Android lại tiêu tốn nhiều thời gian. \r\n\r\nCứ nhìn vào con số này là thấy ngay vì sao ứng dụng trên iPhone luôn tốt hơn, được coder ưu ái nhiều hơn so với Android - Ảnh 2.\r\nTính theo mặt bằng chung, quả thật người dùng iPhone dư dả hơn.\r\n\r\nTồi tệ nhất, nhà phát triển luôn đối mặt với nguy cơ mất trắng doanh thu trên Android. Trong khi iOS là khu vườn đóng với khả năng jailbreak càng ngày càng thu hẹp thì Android lại là một hệ điều hành mở, APK \"lậu\" vô cùng dễ kiếm. Bỏ ra nhiều công sức, các nhà phát triển Android có thể chẳng thu được gì từ người dùng vi phạm bản quyền, vì Google đơn giản không (thể) ra tay ngăn chặn các hành vi này.\r\n\r\nNgay đến đối tượng khách hàng Android và iOS cũng có sự chênh lệch. Khảo sát ComScore cho thấy thu nhập trung bình của người dùng iOS cao hơn 40% so với người dùng iOS. Đây là điều khá dễ hiểu, bởi các hãng Android trỗi dậy và chiếm thị phần áp đảo một phần lớn là bởi Apple vẫn kiên quyết nói không với giá rẻ. Năm 2017 – 2018, Apple bán được khoảng 60 triệu chiếc iPhone X giá nghìn đô, cao gấp doanh số của sản phẩm Android đắt đỏ bậc nhất là Galaxy S9/S9+. Tính vào các quý cuối năm, người dùng iPhone bỏ ra gần 800 USD để mua smartphone Apple, trong khi con số này với Android chỉ vào khoảng 330 USD.\r\n\r\nSmartphone giá thấp sẽ lại sinh ra đủ vấn đề: Android bị phân mảnh thành nhiều phiên bản cho các nhà sản xuất, nhà mạng; mức độ cập nhật cũng thấp hơn hẳn. Hỗ trợ cho ứng dụng Android luôn chạy tốt có thể khiến lập trình viên đau đầu, hay thậm chí là... bất khả thi.\r\n\r\nCứ nhìn vào con số này là thấy ngay vì sao ứng dụng trên iPhone luôn tốt hơn, được coder ưu ái nhiều hơn so với Android - Ảnh 3.\r\nPhát triển cho Android: Tốn công hơn, tiền thu về ít hơn.\r\n\r\nMọi lý do quy tụ đã khiến cho việc phát triển ứng dụng Android trở nên cực kỳ kém hấp dẫn khi so sánh với ứng dụng iOS. Theo một thống kê được Sensor Tower thực hiện trên 100 công ty phát triển ứng dụng, khoản tiền các công ty này thu về từ App Store cao hơn Google Play tới 65%. Trước đó, một thống kê rộng hơn cho thấy trong năm 2019 Google Play có tổng doanh thu là 24,8 tỷ USD, chỉ bằng khoảng một nửa tổng doanh thu từ App Store.\r\n\r\nĐặt mình vào vị trí của người kiếm sống bằng ứng dụng, bạn sẽ thấy vì sao Android vẫn cứ bị xếp dưới iOS, vẫn phải gánh chịu tình trạng ứng dụng \"hạng hai\". Mất nhiều công sức và tiền của để làm một công việc có hiệu quả kinh tế thấp hơn, bao nhiêu nhà phát triển sẵn sàng đặt chú robot xanh lên trên trái táo cắn dở?', '2019-06-29', 2, 'http://genk.vn/cu-nhin-vao-con-so-nay-la-thay-ngay-vi-sao-ung-dung-tren-iphone-luon-tot-hon-duoc-coder-uu-ai-nhieu-hon-so-voi-android-20190622184513874.chn', 2, NULL, '2019-07-05 00:24:48'),
(25, 7, 101, 'Bí kíp balo du lịch: Săn sale trên Lazada được 7 món công nghệ siêu hời cho một chuyến du lịch trọn vẹn', 'photo-1-15587580564441080508387.jpg\r\nphoto-1-1558758059731268296506.jpg\r\nphoto-2-1558758059734501173986.jpg\r\nphoto-3-1558758059736117375938.jpg\r\nphoto-4-1558758059737924961373.jpg', 'Mùa hè đã đến, chắc hẳn mọi người đã có kế hoạch cho những chuyến đi chơi xa cho mình. Tuy nhiên các bạn đã có list những món đồ công nghệ thiết yếu để chuẩn bị sẵn sàng cho một cuộc vui thật trọn vẹn cùng bạn bè chưa?', 'Dưới đây là list những vật dụng không thể thiếu mà mình đã săn được trong một đợt khuyến mãi cực lớn với những deal giảm đến 40% ngon lành của hãng Aukey từ Đức cho các bạn tham khảo. Đây là một cơ hội vàng để các bạn sắm đồ công nghệ chính hãng chất lượng cao với mức giá tốt nhất từ trước đến giờ.\r\n\r\nSố lượng sản phẩm khuyến mãi là có hạn và duy nhất chỉ có trên LAZADA nên các bạn hãy nhanh tay lên nhé!\r\n\r\nBí kíp balo du lịch: Săn sale trên Lazada được 7 món công nghệ siêu hời cho một chuyến du lịch trọn vẹn - Ảnh 2.\r\n\r\nLoa di động: Chọn loa nhỏ hay loa to? Loa to hay loa nhỏ?\r\n\r\nChẳng cần phải đi đến điểm vui chơi lớn nào để có thể vui vẻ với nhau, chỉ cần trang bị một chiếc loa di động công suất cao là mọi người có thể lắc lư theo điệu nhạc tự vui cùng nhau. Loa cũng góp phần tạo nên một bầu không khí vui chơi sôi động và phiêu hơn bao giờ hết. Không cần phải lăn tăn chọn lựa nhiều, SK-M12 là chiếc loa lý tưởng cho những cuộc vui bất tận.\r\n\r\nBí kíp balo du lịch: Săn sale trên Lazada được 7 món công nghệ siêu hời cho một chuyến du lịch trọn vẹn - Ảnh 3.\r\nLink sale 2 sản phẩm tại Lazada ở trên\r\n\r\n\r\nSK-M12 sở hữu công suất cực đại, chắc chắn đáp ứng được mọi nhu cầu \"quẩy\" banh nóc của các bạn. Thiết kế của loa tuy có hơi lạ mắt nhưng đó là vì sản phẩm được thiết kế dựa trên tiêu chí \"Siêu trâu siêu bền\". Mệnh danh là \"Chiếc xe tăng âm nhạc\", SK-M12 giúp bạn có thể vui chơi tẹt ga mà không lo loa hỏng hóc hay vào nước, rất đáng tiền.\r\n\r\nCòn nếu bạn ưa chuộng sự nhỏ gọn thì SK-M31 cũng là một lựa chọn không tồi. Với kích thước nằm gọn trong lòng bàn tay, SK-M31 có chất lượng âm thanh to và sắc nét ngoài sức tưởng tượng so với vẻ ngoài của nó.\r\n\r\nTai nghe: Có nên mua tai nghe rẻ?\r\n\r\nMột trong những điều không thể không nhắc đến khi đi du lịch chính là câu hỏi nên làm gì với khoảng thời gian di chuyển? Thói quen phổ biến nhất khi di chuyển của các bạn trẻ vẫn là nghe nhạc, sau đó đến đọc sách, lướt web, … Vậy nên trang bị cho bản thân một cặp tai nghe xịn sò không bao giờ là lãng phí. EP-B67 chính là sự lựa chọn thông minh và tiết kiệm. Tai nghe bluetooth tiện lợi này có âm thanh sắc nét với chuẩn âm AptX, nghe rất khác biệt với các dòng tai nghe thông thường khác. Điểm cộng lớn nữa chính là khả năng chống ồn vượt trội: bạn hoàn toàn không thể nghe được tạp âm bên ngoài, cực hữu ích khi đi xe khách đông người. Đây chính là những điểm vượt trội mà các tai nghe một hai trăm không thể nào có được.\r\n\r\nBí kíp balo du lịch: Săn sale trên Lazada được 7 món công nghệ siêu hời cho một chuyến du lịch trọn vẹn - Ảnh 4.\r\nLink sale sản phẩm tại Lazada ở trên\r\n\r\n\r\nPin sạc dự phòng: Khi cần thì không có, khi có thì không mua\r\n\r\nĐây là vật dụng tối yếu khi bạn đi du lịch. Máy ảnh có thể không có nhưng pin dự phòng là bắt buộc phải có. Thử tưởng tượng bạn ở một nơi xa lạ nhưng điện thoại hay bất kì đồ công nghệ khác mình mang theo lại hết pin và không dùng được thì đúng là thảm họa. Pin dự phòng nên chọn một viên pin nhỏ gọn, có thể nhét túi để đảm bảo khi cần là có thể rút ra dễ dàng. Ứng cử viên sáng giá cho mục này chính là viên PB-N42 của Aukey, thiết kế vừa nhỏ nhắn dễ cầm nắm lại có đèn flash tiện lợi. Tuy nhiên dung lượng pin của PB-N42 hơi ít nếu bạn liên tục sử dụng điện thoại, nhưng với giá ngon như lúc này thì nên tậu sẵn một em.\r\n\r\nBí kíp balo du lịch: Săn sale trên Lazada được 7 món công nghệ siêu hời cho một chuyến du lịch trọn vẹn - Ảnh 5.\r\nLink sale sản phẩm tại Lazada ở trên\r\n\r\n\r\nCáp và cốc sạc: Không chỉ nhỏ gọn mà phải tiết kiệm thời gian\r\n\r\nKhi đi chơi, phần lớn thời gian các bạn sẽ phải di chuyển liên tục hoặc những địa điểm vui chơi thường không có những nguồn điện cố định để nạp lại pin cho thiết bị. Vậy nên việc sạc pin cần phải nhanh gọn, tranh thủ những lúc ở khách sạn, phòng chờ… Yêu cầu tối thiểu cho bộ cáp sạc là phải sạc nhanh và gọn nhẹ, điển hình như combo cáp CB-BAL3 và cốc sạc PA-U32. Cáp sạc CB-BAL3 hỗ trợ sạc nhanh với lớp vỏ nylon bện siêu bền, dài 1m tiện lợi thích hợp để mang đi du lịch. Bên cạnh đó cốc sạc PA-U32 nhỏ tương đương cốc sạc zin của Iphone nhưng có đến 2 cổng, sạc cùng lúc được 2 thiết bị siêu tiện. Đáng lẽ cốc sạc nên có càng nhiều cổng càng tốt nhưng đổi lại thiết kế chắc chắn sẽ cồng kềnh, chiếm không gian hơn nên PA-U32 vẫn là phương án hợp lý.\r\n\r\nĐể có được một chuyến du lịch thật trọn vẹn, nguyên tắc vàng chính là phải chuẩn bị thật kĩ càng để đảm bảo mọi thứ suôn sẻ. Vậy nên nếu bạn vẫn còn thiếu vật dụng nào trong danh sách trên thì hãy nhanh tay chớp lấy cơ hội sale giá siêu tốt này để sắm đủ đồ chơi cho mình nhé. Chúc các bạn có một mùa hè cháy hết mình với những chuyến đi xa thú vị.', '2019-06-29', 1, 'http://genk.vn/bi-kip-balo-du-lich-san-sale-tren-lazada-duoc-7-mon-cong-nghe-sieu-hoi-cho-mot-chuyen-du-lich-tron-ven-20190525122830417.chn', 2, NULL, '2019-07-04 00:48:15'),
(26, 7, 102, 'GoCube, trò chơi trí tuệ với khối Rubik trở nên thú vị và kịch tính hơn rất nhiều.', '1-15377646960181927764543.gif\r\n2-15377650120461225889372.jpg\r\n4-1537765128070615890151.jpg\r\n5-15377651962021854147092.gif\r\n6-15377652701561263406933.jpg\r\n7-1537765314786829757184.jpg\r\n8-15377653546111265311172.jpg\r\n10-153776551738959530278.jpg', 'Công ty công nghệ Particula đã biến hóa khối lập phương rubik, món đồ chơi phổ biến nhất trên thế giới, thành GoCube tích hợp công nghệ kỹ thuật số và tính xã hội', 'Gocube, được phát triển bởi Particula - một công ty về công nghệ - là một khối rubik 3D, được tích hợp công nghệ cảm biến chuyển động, ghi nhận và đo lường các chuyển biến của người chơi. \r\n\r\nKhối rubik được thiết kế với các cạnh góc bo tròn, nhằm tăng tính thân thiện với đa số người dùng, kể cả trẻ nhỏ.\r\n\r\n\r\nParticula đã tích hợp trên GoCube tính năng kết nối với các thiết bị thông minh như Smart Phone, máy tính bảng để ghi lại nhưng gì người chơi đã làm như số lượt xoay/ giây, tổng số bước, thời gian hoàn thành...Ứng dụng lưu giữ chính xác những xoay chuyển trên khối rubik và lịch sử trò chơi để người chơi có thể kiểm soát được cách chơi, tìm ra điểm mạnh, điểm yếu của mình để chơi tốt hơn.\r\n\r\nGoCube còn được thiết kế với chức năng rất tiết kiệm điện.\r\n\r\nĐể tạo tính xã hội cho trò chơi, Particula tạo ra nhiều hình thức (game mode) khác nhau, bảng xếp hạng và đấu trực tiếp. Người chơi có thể kết nối với các người dùng khác cùng level qua GoCube, đồng thời sử dụng những thông tin có được từ cảm biến để xác định tính công bằng cũng như điểm bắt đầu của mỗi người chơi.\r\n\r\nKhả năng ghi nhớ chuyển động cũng như game mode kết nối những người chơi trên khắp thế giới tạo lên một tính ganh đua và tương tác xã hội rất cao với GoCube.\r\n\r\n\r\nGoCube đã nhanh chóng trở thành một hiện tượng trên thế giới. Tính đến ngày 01/08/2018, GoCube đã thu về gần 715.000 USD trên Kickstarter, cao gấp 28,6 lần so với mục tiêu ban đầu là 25.000 USD. GoCube đã mở ra một tương lai mới cho board game cùng nhiều trò chơi khác trong một thế giới công nghệ số ngày một gia tăng như hiện nay.\r\n\r\nBạn có thể chia sẻ bí quyết của mình, cũng như học hỏi và thi đấu với bạn bè, người thân.... dù rằng đang ở cách xa nhau rất nhiều.\r\n\r\nThống kê về sự tiến bộ của người chơi thông qua những lần đo lường với ứng dụng dành riêng cho GoCube.\r\n\r\nHoặc thi đấu 1 - 1 đầy hưng phấn như thế này.\r\n\r\n\r\nTính tương tác của khối GoCube với người chơi là cực tốt. \r\n\r\nBạn cũng sẽ được hướng dẫn một số mẹo chơi với app dành riêng cho GoCube.\r\n\r\nParticula hy vọng, thông qua GoCube, nhiều người chơi trên khắp thế giới sẽ được kết nối và học hỏi về bộ môn giải trí trí tuệ này tốt hơn, tạo lên tính kết dính trong xã hội cao hơn.', '2019-06-29', 1, 'http://genk.vn/gocube-tro-choi-tri-tue-voi-khoi-rubik-tro-nen-thu-vi-va-kich-tinh-hon-rat-nhieu-2018092412064051.chn', 2, NULL, '2019-07-05 00:31:42');
INSERT INTO `articles` (`id`, `category_id`, `user_id`, `title`, `image`, `description`, `content`, `posting_date`, `view`, `source`, `status_id`, `created`, `modified`) VALUES
(27, 7, 101, 'Mở hộp drone Ryze Tech Tello với công nghệ Intel và DJI: Nhỏ và rẻ như đồ chơi!', 'drone-tello-dji-intel-viet-nam-genk-minh-duc-15197470447361735643846.jpg\r\ndrone-nho-gon-ryze-tech-tello-intel-dji-genk-viet-nam-1-15197470447231011583379.jpg\r\ndrone-nho-gon-ryze-tech-tello-intel-dji-genk-viet-nam-2-15197470447251367397351.jpg\r\ndrone-nho-gon-ryze-tech-tello-intel-dji-genk-viet-nam-15-15197470447352003189330.jpg\r\ndrone-nho-gon-ryze-tech-tello-intel-dji-genk-viet-nam-4-1519747044727794775550.jpg\r\ndrone-nho-gon-ryze-tech-tello-intel-dji-genk-viet-nam-16-15197470447361666187034.jpg\r\ndrone-nho-gon-ryze-tech-tello-intel-dji-genk-viet-nam-9-1519747044731190140530.jpg\r\ndrone-nho-gon-ryze-tech-tello-intel-dji-genk-viet-nam-6-15197470447281654850701.jpg\r\ndrone-nho-gon-ryze-tech-tello-intel-dji-genk-viet-nam-5-1519747044728625767678.jpg', '\r\nTại CES 2018 vừa qua một start-up Trung Quốc mang tên Ryze Tech đã giới thiệu một chiếc drone kết hợp công nghệ của 2 ông lớn Intel và DJI với một mức giá rẻ không ngờ mang tên Tello. Sản phẩm này sau chỉ hơn 1 tháng đã cập bến Việt Nam.', 'Đam mê \"bay\" nhưng không có điều kiện tài chính để mua những chiếc drone đắt tiền từ DJI? Một công ty start-up mang tên Ryze Tech đã có giải pháp cho bạn mang tên Tello, một chiếc drone nhỏ bé, với giá chỉ $100 nhưng có đầy đủ những công nghệ cao cấp từ Intel và DJI.\r\n\r\nMở hộp drone Ryze Tech Tello với công nghệ Intel và DJI: Nhỏ và rẻ như đồ chơi! - Ảnh 2.\r\n\r\nLà một sản phẩm giá rẻ nên tất nhiên Tello cũng được đóng hộp rất đơn giản.\r\n\r\nMở hộp drone Ryze Tech Tello với công nghệ Intel và DJI: Nhỏ và rẻ như đồ chơi! - Ảnh 3.\r\n\r\nNhưng mặt trước cũng được \"cộp mác\" DJI và Intel rất hoành tráng!\r\n\r\nMở hộp drone Ryze Tech Tello với công nghệ Intel và DJI: Nhỏ và rẻ như đồ chơi! - Ảnh 4.\r\n\r\nKhác với chiếc DJI Mavic Air, phải trên 18 tuổi mới được sử dụng thì những \"bé\" 14 tuổi đã có thể sử dụng Ryze Tech Tello.\r\n\r\nMở hộp drone Ryze Tech Tello với công nghệ Intel và DJI: Nhỏ và rẻ như đồ chơi! - Ảnh 5.\r\n\r\nBộ phụ kiện của Tello gồm có một pin, 4 cánh quạt phụ, phụ kiện thay cánh quạt và một hướng dẫn sử dụng.\r\n\r\nMở hộp drone Ryze Tech Tello với công nghệ Intel và DJI: Nhỏ và rẻ như đồ chơi! - Ảnh 6.\r\n\r\nChiếc drone này rất nhỏ, với đa phần diện tích là...pin!\r\n\r\nMở hộp drone Ryze Tech Tello với công nghệ Intel và DJI: Nhỏ và rẻ như đồ chơi! - Ảnh 7.\r\n\r\nKhe cắm pin được đặt phía sau.\r\n\r\nMở hộp drone Ryze Tech Tello với công nghệ Intel và DJI: Nhỏ và rẻ như đồ chơi! - Ảnh 8.\r\n\r\nNút nguồn.\r\n\r\nMở hộp drone Ryze Tech Tello với công nghệ Intel và DJI: Nhỏ và rẻ như đồ chơi! - Ảnh 9.\r\n\r\nCổng sạc.\r\n\r\nMở hộp drone Ryze Tech Tello với công nghệ Intel và DJI: Nhỏ và rẻ như đồ chơi! - Ảnh 10.\r\n\r\nPhía trước tất nhiên là camera. Camera của Tello được làm gắn liền nên không có cơ chế chống rung cơ học, nhưng hãng cũng trang bị cho drone hệ thống chống rung điện tử. Tello có thể bay-và-quay được khoảng 13 phút, và chụp ảnh độ phân giải 5mpx và quay phim 720p.\r\n\r\nMở hộp drone Ryze Tech Tello với công nghệ Intel và DJI: Nhỏ và rẻ như đồ chơi! - Ảnh 11.\r\n\r\nPhía dưới là cảm biến giúp Tello có thể hạ cánh và cất cánh ngay trên tay người dùng!\r\n\r\nMở hộp drone Ryze Tech Tello với công nghệ Intel và DJI: Nhỏ và rẻ như đồ chơi! - Ảnh 12.\r\n\r\nTello dùng chip Intel Movidius Myriad 2 cùng với hệ thống cân bằng bay từ DJI.', '2019-06-29', 3, 'http://genk.vn/mo-hop-drone-ryze-tech-tello-voi-cong-nghe-intel-va-dji-nho-va-re-nhu-do-choi-20180227231159496.chn', 2, NULL, '2019-07-05 01:57:03'),
(28, 4, 28, 'Trải nghiệm loa Soundcore Model Zero: Tấm vé đưa Anker tới phân khúc cao cấp', 'danh-gia-loa-anker-model-zero-minh-duc-genk-12-15590443439851577135244.jpg\r\ndanh-gia-loa-anker-model-zero-minh-duc-genk-1-15590443439661471079076.jpg\r\ndanh-gia-loa-anker-model-zero-minh-duc-genk-2-1559044343968833280473.jpg\r\ndanh-gia-loa-anker-model-zero-minh-duc-genk-5-1559044343973688278078.jpg\r\ndanh-gia-loa-anker-model-zero-minh-duc-genk-14-15590443439871072384390.jpg', 'Một trong những chiếc loa được Anker thiết kế \'nghiêm túc\' nhất từ trước tới nay!', 'Khi chọn mua loa di động, mình thường tránh những sản phẩm quá nhỏ và quá rẻ - vì quả thực với loa thì 2 câu nói \"Của rẻ của ôi\" và \"Càng to càng tốt\" thường đúng. Đây cũng là lý do tại sao trong một thời gian dài mình tránh các sản phẩm Soundcore của Anker, khi các sản phẩm này thường có kích thước nhỏ (từ đó có công suất không cao) và thường nhắm đến phân khúc giá rẻ.\r\n\r\nTrải nghiệm loa Soundcore Model Zero: Tấm vé đưa Anker tới phân khúc cao cấp - Ảnh 1.\r\n\r\nThế nhưng mọi chuyện đã thay đổi, khi trên thị trường bắt đầu xuất hiện các sản phẩm Soundcore to lớn, với thiết kế cao cấp và có triển vọng về mặt âm thanh cao hơn rất nhiều. Một trong những sản phẩm đó là chiếc Soundcore Model Zero.\r\n\r\nTrải nghiệm loa Soundcore Model Zero: Tấm vé đưa Anker tới phân khúc cao cấp - Ảnh 2.\r\nHộp của sản phẩm này rất lớn! Nói một cách thật lòng thì mình không thích cách trang trí hộp của chiếc loa này cho lắm, nửa \'công nghệ\' nửa \'hoa hòe hoa sói\'!\r\n\r\nTrải nghiệm loa Soundcore Model Zero: Tấm vé đưa Anker tới phân khúc cao cấp - Ảnh 3.\r\nSản phẩm đạt chất lượng phần cứng Hi-res của Hiệp hội âm thanh Nhật Bản đặt ra. Sau khi thử nhiều sản phẩm mang nhãn Hi-res này thì mình kết luận là nó...vô dụng, chất lượng âm thanh vẫn phải qua trải nghiệm thực tế.\r\n\r\nTrải nghiệm loa Soundcore Model Zero: Tấm vé đưa Anker tới phân khúc cao cấp - Ảnh 4.\r\nLời quảng cáo \'có trọng lượng\' hơn nằm ở việc màng loa của Model Zero được cung cấp bởi Scanspeak. Đây là một trong những hãng sản xuất thiết bị âm thanh nổi tiếng nhất Thế giới đến từ Đan Mạch, hoạt động từ tận 1970! Khá nhiều bộ loa loại lớn đã sử dụng linh kiện của hãng này.\r\n\r\nTrải nghiệm loa Soundcore Model Zero: Tấm vé đưa Anker tới phân khúc cao cấp - Ảnh 5.\r\nMặt sau giới thiệu thêm một điểm nữa như công nghệ BassUp (bản chất là EQ để tăng âm trầm), thời lượng chơi 10 tiếng và chuẩn chống nước IPX5. Với chuẩn chống nước IPX5 thì bộ loa này cũng thích hợp cho việc đem ra ngoài trời chứ không gói gọn ở việc nghe trong nhà.\r\n\r\nTrải nghiệm loa Soundcore Model Zero: Tấm vé đưa Anker tới phân khúc cao cấp - Ảnh 6.\r\nTrong hộp ta có dây và dock sạc khá lớn (gắn liền) cùng 2 đầu chuyển cho các thị trường khác nhau. Loa sử dụng chuẩn sạc đầu tròn chứ không phải dây USB, có lẽ vì viên pin cần nguồn lớn. Đây có thể sẽ trở thành nhược điểm với những ai thích sự gọn nhẹ, đem một bộ sạc cho nhiều sản phẩm công nghệ khác nhau.\r\n\r\nTrải nghiệm loa Soundcore Model Zero: Tấm vé đưa Anker tới phân khúc cao cấp - Ảnh 7.\r\nCảm nhận đầu tiên về thiết kế của chiếc Model Zero đó là nó rất lớn, vì bên trong có tới 2 màng loa trầm (woofer), 2 màng loa cho dải trung và cao (tweeter) và 2 màng rung thụ động.\r\n\r\nTrải nghiệm loa Soundcore Model Zero: Tấm vé đưa Anker tới phân khúc cao cấp - Ảnh 8.\r\nMặt ngoài của Model Zero được phủ một lớp vải bện màu đen, toàn thân được gia cố chắc chắn nên khi nhấn vào ta không tìm thấy điểm \'lún\' xuống nào cả!\r\n\r\nTrải nghiệm loa Soundcore Model Zero: Tấm vé đưa Anker tới phân khúc cao cấp - Ảnh 9.\r\nPhía trên ta có một phần được cắt khuyết nhìn khá giống với chiếc Harman / Kardon Studio 5, dùng để tiện xách đi như một chiếc giỏ đi chợ. Loa khá là nặng (gần 2kg) nên việc mang vác có lẽ cũng chỉ nên thực hiện trong thời gian ngắn, trừ khi người dùng muốn dùng loa làm tạ tập tay luôn!\r\n\r\nTrải nghiệm loa Soundcore Model Zero: Tấm vé đưa Anker tới phân khúc cao cấp - Ảnh 10.\r\nNút bấm điều khiển được đặt ở ngay dưới \'vòng cầm tay\' của loa, gồm có nút dừng / chơi nhạc, bật / tắt Bluetooth, chỉnh âm lượng và nút BassUp. Hãng có thêm một phiên bản Model Zero+, với phần điều khiển cảm ứng thay vì nút vật lý như bản mình có tại đây.\r\n\r\nTrải nghiệm loa Soundcore Model Zero: Tấm vé đưa Anker tới phân khúc cao cấp - Ảnh 11.\r\nCác cổng cắm được che bởi một cửa cao su để đảm bảo chống nước IPX5.\r\n\r\nTrải nghiệm loa Soundcore Model Zero: Tấm vé đưa Anker tới phân khúc cao cấp - Ảnh 12.\r\nTa có 2 cổng cắm là sạc và nghe nhạc 3.5mm. Một điểm trừ ở đây là hãng không tặng kèm dây 3.5mm trong hộp, nên ai sử dụng loa theo kiểu này thì sẽ phải đi mua riêng.\r\n\r\nTrải nghiệm loa Soundcore Model Zero: Tấm vé đưa Anker tới phân khúc cao cấp - Ảnh 13.\r\nVì có kiểu dáng tròn trịa, nên mặt dưới loa được tích hợp cao su để không dễ bị lăn mất.\r\n\r\nĐi kèm với Model Zero, ta có một phần mềm điều khiển trên smartphone. Phần mềm này có giao diện khá là đẹp và trên hết là không bị lỗi như phần mềm của Sennheiser dành cho cặp Momentum True Wireless!\r\n\r\nTại đây ta có điều chỉnh chức năng của nút tăng giảm âm lượng (nhấn giữ để tiếp tục tăng giảm hoặc thành chuyển bài hát), chỉnh âm lượng, bật hẹn giờ tắt nhạc và chọn Equalizer (bộ chỉnh âm thanh).\r\n\r\nTrải nghiệm loa Soundcore Model Zero: Tấm vé đưa Anker tới phân khúc cao cấp - Ảnh 14.\r\n\r\nTrải nghiệm loa Soundcore Model Zero: Tấm vé đưa Anker tới phân khúc cao cấp - Ảnh 15.\r\nGiao diện phần mềm Soundcore dành cho Model Zero\r\n\r\nĐiểm mình cảm thấy ghét nhất ở những dòng loa nhỏ gọn đó là vấn đề về công suất. Do sử dụng các màng loa nhỏ, cũng như giới hạn về pin nên những chiếc loa này thường có âm lượng bé, một số còn yếu đến mức không sử dụng được trong nhà chứ không nói đến việc đem ra ngoài trời.\r\n\r\nModel Zero với hệ thống 4 loa cho công suất lên tới 60W nên tránh được vấn đề này. Trong phòng 20m2, mình chỉ đặt âm lượng khoảng 1/3 là đủ nghe, và khi ra những không gian thoáng thì tăng dần lên 1/2 hoặc hơn.\r\n\r\nTrải nghiệm loa Soundcore Model Zero: Tấm vé đưa Anker tới phân khúc cao cấp - Ảnh 16.\r\n\r\nModel One đã chuyển sang chuẩn Bluetooth 5.0 nên độ trễ được giảm thiểu một cách tối đa. Nếu thực sự để ý, ta vẫn thấy hình ảnh lệch so với âm thanh, nhưng chỉ một chút thôi và không ảnh hưởng đến trải nghiệm xem video quá nhiều. Chuẩn Bluetooth 5.0 cũng giúp cho loa giữ được kết nối rất ổn định với nguồn phát, trừ khi ta đặt 2 thứ quá xa nhau hoặc bị chặn bởi những thiết bị điện tử khác.\r\n\r\nTrải nghiệm loa Soundcore Model Zero: Tấm vé đưa Anker tới phân khúc cao cấp - Ảnh 17.\r\n\r\nTất cả những phần như thiết kế, hoàn thiện, độ trễ đều được hãng làm tốt, mặc dù có sạn nhỏ nhưng đều chấp nhận được, và câu nói này cũng có thể dùng để miêu tả chất âm của loa. Chất âm chung của Model Zero rất dày dặn, trong đó mỗi dải âm đều có sự trau chuất nhất định để không bị hòa vào nhau thành một \'cục\' âm.\r\n\r\nÂm trầm có lượng nhiều hơn trung bình ngay từ khi chưa bật BassUp, và ta có thể biến nó thành nhiều hẳn (bass-heavy) khi bật tính năng này lên. Song cách thể hiện trầm của Model Zero rất khác so với những chiếc loa eXtra Bass đến từ Sony. Chiếc Sony XB41 cho những nhát trống dồn vào trầm trung (mid-bass), cố gắng thể hiện sự khỏe khoắn, ngược lại thì Model Zero cho tốc độ chơi chậm rãi, nhưng có độ sâu tốt hơn rất nhiều.\r\n\r\nĐiều này thể hiện rất rõ ràng trong bản Too hip to retire trong album Whiplash, với từng âm double-bass chạm được tới phần siêu trầm (sub-bass) mà người dùng có thể cảm nhận được bằng lồng ngực chứ không dừng lại ở những tiếng bật dây thông thường. Mình đánh giá đây là một âm trầm hay, nhất là ở phân khúc cùa Model Zero.\r\n\r\nTrải nghiệm loa Soundcore Model Zero: Tấm vé đưa Anker tới phân khúc cao cấp - Ảnh 18.\r\n\r\nDải trung của Model Zero cũng rất đáng khen trong cách thể hiện, khi giữ được sự trung tính mặc dù đứng cạnh âm trầm đậm đà kể trên. Giọng Tiffi trong bài Seaside adventures sạch sẽ, đầy đủ cả âm giọng lẫn âm hơi nên vừa chắc chắn, vừa đủ \'bay\' (airy)! Phần trung cao được kiểm soát tốt, vì vậy nên đạt được độ sáng dành cho các giọng nữ cao (soprano) mà vẫn không chói.\r\n\r\nĐiểm mà loa có thể làm tốt hơn đó là vị trí dải âm trung. Giọng ca sĩ có cảm giác như phát ra từ cùng một điểm với các thành phần âm ở nền. Cặp Apple HomePod làm điều này rất tốt, khi đưa được giọng ca sĩ lên cao, tách biệt hoàn toàn với nền tạo cảm giác như họ đang hát đối diện với người nghe vậy! Tuy vậy thì phép so sánh trên không thực sự công bằng, vì Model Zero rẻ hơn Apple HomePod rất nhiều.\r\n\r\nTrải nghiệm loa Soundcore Model Zero: Tấm vé đưa Anker tới phân khúc cao cấp - Ảnh 19.\r\n\r\nCuối cùng là dải cao (treble), dải âm mà mình có thể miêu tả bằng một từ duy nhất: Êm. Lượng âm cao không hề thiếu nên không tạo cảm giác chất âm nặng, thiên trầm quá đáng. Khi lên cao, âm này nhẹ dần đi nên mang tính ngọt hơn nhiều là sáng, với ưu điểm là không tạo ra chói rít khó chịu, ngược lại thì không biến nó trở thành một thành phần nổi bật trong chất âm chung.\r\n\r\nLời kết\r\n\r\nTrước khi bóc hộp Model Zero, mình không có nhiều hi vọng vì thực sự từ trước đến nay chưa bao giờ thấy ấn tượng về chất lượng của các dòng loa mang nhãn hiệu Soundcore của Anker. Thế nhưng khi sử dụng, mình quả thực bị bất ngờ về chất lượng hoàn thiện vỏ ngoài, kiểu dáng thiết kế và trên hết là khả năng chơi nhạc.\r\n\r\nTrải nghiệm loa Soundcore Model Zero: Tấm vé đưa Anker tới phân khúc cao cấp - Ảnh 20.\r\n\r\nTrong những sản phẩm trong tương lai, mình muốn Anker tích hợp thêm NFC kết nối nhanh, đèn RGB đổi màu, gia tăng thêm thời lượng chơi nhạc hoặc những tính năng \'dị\' như khả năng biến thành nhạc cụ như chiếc Sony eXtra Bass XB41 để giúp những sản phẩm này trở nên hấp dẫn hơn với người dùng.\r\n\r\nƯu điểm\r\n\r\n- Chất lượng hoàn thiện tốt\r\n\r\n- Chống nước IPX5\r\n\r\n- Chuẩn Bluetooth 5.0 với độ trễ thấp\r\n\r\n- Công suất lớn, sử dụng được ngoài trời\r\n\r\n- Âm trầm đậm đà, có độ sâu\r\n\r\n- Giọng ca sĩ sạch sẽ, kiểm soát tốt\r\n\r\nNhược điểm\r\n\r\n- Có dây sạc lớn, chuẩn cắm không phải USB\r\n\r\n- Không có dây 3.5mm sẵn trong hộp\r\n\r\n- Âm trung có thể tách biệt hơn nữa', '2019-06-29', 1, 'http://genk.vn/trai-nghiem-loa-soundcore-model-zero-tam-ve-dua-anker-toi-phan-khuc-cao-cap-20190528191335604.chn', 2, NULL, '2019-07-03 08:51:00'),
(29, 8, 28, 'Tranh thủ Huawei bị Mỹ cấm vận, Apple tăng sản lượng iPhone', 'gsmarena000-1561711961239669937257.jpg\r\ncong-ty-my-tiep-tuc-ban-chip-cho-huawei-du-bi-cam-1561711961236889563408.jpg', 'Mặc dù vậy lượng tăng là không quá nhiều.', 'Theo như báo cáo của Cowen, thì Apple vừa tăng tốc độ sản xuất iPhone để tận dụng thời điểm Huawei đang bị Mỹ cấm vận nặng nề.\r\n\r\nTranh thủ Huawei bị Mỹ cấm vận, Apple tăng sản lượng iPhone - Ảnh 1.\r\n\r\nKế hoạch sản xuất ban đầu là 39 triệu chiếc, nhưng hiện nay đã tăng thêm 1 triệu chiếc nữa để đạt con số 40 triệu. Trong đó 30 triệu chiếc là các sản phẩm iPhone XS, XS Max và XR, còn 10 triệu còn lại là iPhone 7 và iPhone 8. Nhu cầu mua iPhone được cho là tăng trong thời gian vừa qua ở một vài thị trường nhất định.\r\n\r\nTranh thủ Huawei bị Mỹ cấm vận, Apple tăng sản lượng iPhone - Ảnh 2.\r\n\r\nGiới chuyên gia cũng cảnh báo Apple rằng lệnh trừng phạt cả Mỹ có thể ảnh hưởng đến hãng trong thời gian sắp tới, với nguyên nhân chính là sự bất ổn về chính trị. Mức thuế rất cao được đánh vào các linh kiện chế tạo tại Trung Quốc cũng có thể ảnh hưởng đến việc sản xuất và bán iPhone.', '2019-06-29', 2, 'http://genk.vn/tranh-thu-huawei-bi-my-cam-van-apple-tang-san-luong-iphone-20190628161207858.chn', 1, NULL, NULL),
(30, 8, 101, 'Chi tiết thiết kế Mac Pro 2019, sản phẩm cuối cùng của Jony Ive tại Apple', 'photo-1-15617090461371093455635.jpg\r\nphoto-1-15617090653201239799128.jpg\r\nphoto-1-1561709095704687948029.jpg\r\ngifit1561709396093-15617094098311191631911.gif\r\nphoto-1-1561774225956402752110.gif\r\nphoto-1-15617094609361346314738.jpg\r\nphoto-1-15617094659122069293114.jpg\r\ngifit1561709882740-15617099007282035066177.gif', 'Những thiết kế mà người ta mang ra đàm tiếu thực chất lại có ý nghĩa và rất hữu dụng.', 'Đầu tháng này, Apple tổ chức hội nghị nhà phát triển thường niên, WWDC, tại San Jose. Trong buổi khai mạc, bên cạnh trình làng các phần mềm tập trung vào nhà phát triển, Apple còn ra mắt hai phần cứng đáng chú ý là Mac Pro 2019 và màn hình Pro Display XDR.\r\n\r\nChi tiết thiết kế Mac Pro 2019, sản phẩm cuối cùng của Jony Ive tại Apple - Ảnh 1.\r\nMac Pro 2019 và màn hình Pro Display XDR\r\n\r\n\r\nMac Pro mới sẽ chiếm vị trí cao nhất trong dòng máy tính Mac. Thiết bị tiền nhiệm của nó, Mac Pro thế hệ thứ 2 ra mắt năm 2013, hay còn gọi là Mac Pro thùng rác, mặc dù rất đẹp và độc đáo nhưng lại thất bại về mặt doanh số. Thiết kế hình trụ tròn ấy thay thế cho thiết kế dạng case mô-đun, có thể nâng cấp dễ dàng mà Apple đã làm trong hàng thập kỷ. Mặc dù bóng bẩy và nhỏ gọn nhưng Mac Pro 2013 có quá ít không gian cho việc nâng cấp.\r\n\r\nChi tiết thiết kế Mac Pro 2019, sản phẩm cuối cùng của Jony Ive tại Apple - Ảnh 2.\r\nMac Pro đời đầu bên cạnh Mac Pro 2013\r\n\r\n\r\nTrong năm 2017, Apple đã xin lỗi người dùng và thừa nhận rằng thiết kế của Mac Pro 2013 không hề tối ưu. \"Táo khuyết\" cũng tiết lộ rằng họ đang phát triển một mẫu Mac Pro hoàn toàn mới với thiết kế dạng mô-đun.\r\n\r\nVà đó chính là mẫu Mac Pro mà chúng ta thấy hồi đầu tháng. Mac Pro 2019 đem thiết kế dạng case hình chữ nhật trở lại và lấy cảm hứng từ rất nhiều sản phẩm trước đây của Apple. Đây cũng là một trong những sản phẩm cuối cùng của Giám đốc Thiết kế Jony Ive trước khi ông tuyên bố rời Apple hôm thứ 5 (27/6) vừa rồi.\r\n\r\nMời các bạn cùng tìm hiểu chi tiết thiết kế của Mac Pro 2019, di sản cuối cùng mà Jony Ive để lại cho Apple:\r\n\r\nVỏ và khung máy\r\n\r\nNhìn thoáng qua, chúng ta sẽ chỉ để ý tới phần tay cầm và chân đế bằng thép không gỉ cỡ lớn nhô ra.\r\n\r\nChi tiết thiết kế Mac Pro 2019, sản phẩm cuối cùng của Jony Ive tại Apple - Ảnh 3.\r\n\r\nỞ mặt trên, có một chiếc khóa hình bán nguyệt với nhiệm vụ giúp bạn tách phần vỏ ra khỏi khung máy. Thao tác này rất đơn giản, bạn chỉ cần lật chiếc khóa lên, xoay nửa vòng tròn theo chiều ngược kim đồng hồ để mở khóa và sau đó móc tay vào chính vòng khóa bán nguyệt để nhấc phần vỏ lên.\r\n\r\nSau khi phần vỏ được tách ra, toàn bộ linh kiện bên trong đều có thể tiếp cận, thay thế, lắp thêm hoặc sửa chữa khi cần. Không có bất cứ con ốc hay ngàm, lẫy nào, mọi thứ rất đơn giản nhưng lại hoạt động trơn tru, dễ dàng.\r\n\r\nChi tiết thiết kế Mac Pro 2019, sản phẩm cuối cùng của Jony Ive tại Apple - Ảnh 4.\r\n\r\nToàn bộ phần vỏ được làm bằng nhôm được cắt bằng máy CNC, mạ màu và làm mịn bằng phương thức thổi cát. Nó rất bền chắc và có thể đặt đứng riêng trên bàn khi không lắp vào khung máy. Tuy nhiên, mặt trước và mặt sau của nó được cắt lỗ theo một phương thức đặc biệt giúp luồng khí có thể di chuyển qua. Chúng ta sẽ nói thêm về điều này ở phần sau.\r\n\r\nBên trong, tất cả các linh kiện được gắn trực tiếp vào khung thép không gỉ đã được đánh bóng. Tay cầm và chân đế là một phần của toàn bộ khung máy và chúng nhô ra khỏi phần vỏ giúp Mac Pro đứng vững trên mặt phẳng cũng như dễ dàng di chuyển khi cần.\r\n\r\nChi tiết thiết kế Mac Pro 2019, sản phẩm cuối cùng của Jony Ive tại Apple - Ảnh 5.\r\n\r\nĐây không phải lần đầu Apple dùng phương pháp thiết kế gắn tất cả linh kiện vào khung và bao bọc bằng một tấm vỏ duy nhất.\r\n\r\nPower Mac G4 Cube, ra mắt năm 2000 và khai tử năm 2001, là mẫu máy tính Mac đầu tiên có thiết kế này. Các linh kiện bên trong Cube có thể dễ dàng truy cập bằng cách lật ngược nó lên và kéo ra bằng phần tay cầm.\r\n\r\nChi tiết thiết kế Mac Pro 2019, sản phẩm cuối cùng của Jony Ive tại Apple - Ảnh 6.\r\n\r\nTản nhiệt\r\n\r\nTản nhiệt trên Mac Pro 2019 cũng được lấy cảm hứng từ một sản phẩm cũ của Apple là Power Mac G5. Mẫu máy tính dạng case hình chữ nhật ra mắt năm 2003 này thậm chí còn giống cái bào phô mai hơn cả Mac Pro 2019.\r\n\r\nBên trong G5 được chia thành 4 vùng tản nhiệt khác nhau bằng các sử dụng các vách ngăn và tấm nhựa điều hướng không khí. Trong mỗi vùng, một chiếc quạt tốc độ chậm sẽ hút không khí vào từ mặt trước và đi qua các linh kiện, qua phần tản nhiệt. Sau đó khí nóng sẽ được đẩy ra phía sau.\r\n\r\nThời điểm đó, thiết kế của G5 được coi là đột phá so với các đối thủ mà về cơ bản chỉ có 1 vùng tản nhiệt lớn.\r\n\r\nViệc tách không gian lớn thành những vùng nhỏ giúp mỗi vùng có thể được theo dõi và làm mát riêng biệt. Quạt sẽ chỉ cần quay khi linh kiện cụ thể trong vùng mà nó chịu trách nhiệm bị nóng. Nhờ thiết kế này, máy tính sẽ tạo ra ít tiếng ồn hơn và khả năng làm mát cũng hiệu quả hơn.\r\n\r\nChi tiết thiết kế Mac Pro 2019, sản phẩm cuối cùng của Jony Ive tại Apple - Ảnh 7.\r\n\r\nTrên Mac Pro 2019, Apple sử dụng một tấm kim loại mà họ gọi là Sea wall và chính bo mạch chủ để chia không gian bên trong thành 2 khu vực tản nhiệt. Khu vực lớn hơn nằm ở phía trước bo mạch sẽ được trang bị 3 chiếc quản cánh lớn hút khí mát từ phía trước, đưa qua tản nhiệt CPU và các phần card mở rộng sau đó đi ra bên ngoài từ phía sau.\r\n\r\nChi tiết thiết kế Mac Pro 2019, sản phẩm cuối cùng của Jony Ive tại Apple - Ảnh 8.\r\n\r\nỞ khu vực đối diện, một chiếc quạt dạng thổi sẽ đưa không khí mát qua bộ nhớ RAM, ổ SSD và nguồn trước khi đẩy ra ngoài.\r\n\r\nChi tiết thiết kế Mac Pro 2019, sản phẩm cuối cùng của Jony Ive tại Apple - Ảnh 9.\r\n\r\nĐế màn hình giá 1.000 USD\r\n\r\nChi tiết thiết kế Mac Pro 2019, sản phẩm cuối cùng của Jony Ive tại Apple - Ảnh 10.\r\n\r\nMặc dù có mức giá cao nhưng không thể phủ nhận chiếc chân đế màn hình Pro Stand của Apple là một tuyệt tác kỹ thuật. Nhìn thì có vẻ đơn giản nhưng bên trong phần cánh tay đòn của nó có các khớp nối giúp màn hình có thể thay đổi vị trí dễ dàng theo chiều dọc trong khi vẫn giữ góc nhìn song song với vị trí ban đầu. Màn hình cũng được gắn một cách dễ dàng vào chân đế Pro Stand bằng nam châm và có thể xoay ngang khi cần.\r\n\r\nChi tiết thiết kế Mac Pro 2019, sản phẩm cuối cùng của Jony Ive tại Apple - Ảnh 11.\r\n\r\nCác chân đế gắn màn hình rẻ tiền thường khiến người dùng khó chịu khi không ổn định hoặc khó điều chỉnh vào đúng vị trí cần thiết. Tạo ra một chiếc chân đế tối giản, bóng bẩy nhưng phải chắc chắn và dễ di chuyển màn hình là một điều không dễ và đương nhiên giá của những sản phẩm như thế cũng không rẻ.\r\n\r\nChi tiết thiết kế Mac Pro 2019, sản phẩm cuối cùng của Jony Ive tại Apple - Ảnh 12.\r\niMac G4\r\n\r\n\r\nMàn hình Pro Display XDR cũng không phải là sản phẩm đầu tiên của Apple có chân đế với cánh tay đòn như thế này. iMac G4 ra mắt năm 2002, chiếc iMac màn hình phẳng đầu tiên, có màn hình nối với thân máy bán cầu bằng một cánh tay đòn. Cánh tay đòn này bền chắc tới nỗi Apple khuyên người dùng sử dụng nó làm tay cầm nếu cần di chuyển chiếc iMac G4.\r\n\r\nLưới thông gió như cái \"bào phô mai\"\r\n\r\nThiết kế lưới thông gió phía trước và phía sau Mac Pro 2019 và phía sau màn hình Pro Display XDR của Apple nhận được nhiều ý kiến trái chiều. Nhiều người nghĩ rằng trông nó quá xấu. Những người mắc hội chứng sợ lỗ còn chẳng dám nhìn vào nó.\r\n\r\nChi tiết thiết kế Mac Pro 2019, sản phẩm cuối cùng của Jony Ive tại Apple - Ảnh 13.\r\n\r\nNhưng một số người lại nghĩ nó khá đẹp, trông giống như tác phẩm nghệ thuật của nhà điều khắc kiêm kiến trúc sư Erwin Hauer vậy. Tuy nhiên, sẽ rất sai lầm nếu nghĩ rằng Apple tạo ra thiết kế này chỉ cho đẹp.\r\n\r\nChi tiết thiết kế Mac Pro 2019, sản phẩm cuối cùng của Jony Ive tại Apple - Ảnh 14.\r\nMột trong những tác phẩm của Erwin Hauer\r\n\r\n\r\nApple quyết định chọn kiểu thiết kế này vì nó hữu dụng trong khi vẫn đảm bảo tính thẩm mỹ. Nó giải quyết một vấn đề mà Apple từng gặp phải với phần chiếu nghỉ tay trên MacBook Air và MacBook Pro nguyên khối vào năm 2008. Về cơ bản, Apple đã tìm ra lời giải cho bài toán làm thế nào để loại bỏ phần lớn tấm kim loại mà không ảnh hưởng tới cấu trúc của nó.\r\n\r\n\"Phần chiếu nghỉ tay này là xương sống của toàn bộ sản phẩm. Thông thường, khi bạn có một chiếu nghỉ tay mà vẫn cắt một lỗ lớn (dành cho bàn phím), độ bền và sự toàn vẹn của cấu trúc sẽ bị phá hỏng. Chúng tôi phát hiện ra là thay vì một lỗ lớn, tạo ra một loạt lỗ nhỏ sẽ giúp đảm bảo sự nguyên vẹn của cấu trúc\", Jony Ive chia sẻ trong một cuộc phỏng vấn.\r\n\r\nChi tiết thiết kế Mac Pro 2019, sản phẩm cuối cùng của Jony Ive tại Apple - Ảnh 15.\r\n\r\nVề cơ bản, thay vì cắt một lỗ lớn cho bàn phím (như trên các dòng máy tính Mac trước đây), trên MacBook Air và MacBook Pro 2008, Apple đã cắt những lỗ riêng cho từng phím. Phần khung còn lại giữa các phím giúp bảo toàn cấu trúc của phần chiếu nghỉ tay.\r\n\r\nApple sử dụng một cách tiếp cận tương tự cho phần lỗ thông gió trên Mac Pro 2019. Một mảng đầu mài hình cầu được sắp xếp theo hình lục giác sẽ cắt vào từng mặt của tấm nhôm ở vị trí so le nhau. Phần giao nhau của các vết cắt hình cầu sẽ tạo ra khoảng trống cho không khí lưu thông qua. Quá trình cắt này loại bỏ 50% vật liệu của tấm nhôm nhưng cấu trúc còn lại vẫn bền, và thoáng khí.\r\n\r\nChi tiết thiết kế Mac Pro 2019, sản phẩm cuối cùng của Jony Ive tại Apple - Ảnh 16.\r\n\r\nPhương pháp mà Apple đưa ra nhằm xử lý mọi vấn đề trong khi đảm bảo các chức năng của sản phẩm đều có hiệu quả cao nhất thực sự rất tinh tế.\r\n\r\nRõ ràng để tối ưu hóa luồng không khí đi qua và độ bền của cấu trúc Apple đã phải trải qua quá trình thử nghiệm vất vả, kéo dài nhằm tìm ra độ sâu của vết cắt hình cầu, mức độ giao thoa giữa các vết cắt của 2 bên, tỷ lệ đường kính của khoảng không ở giữa... Không biết là các chuyên gia của Apple đã phải thử bao nhiều lần mới có được thông số kỹ thuật tối ưu nhất.\r\n\r\nMáy tính Mac đầu tiên có bánh xe\r\n\r\nChi tiết thiết kế Mac Pro 2019, sản phẩm cuối cùng của Jony Ive tại Apple - Ảnh 17.\r\n\r\nKhông phải mọi thứ trên Mac Pro 2019 đều lấy cảm hứng từ thiết bị trong quá khứ. Đây thực sự là máy tính Mac đầu tiên hỗ trợ bánh xe. Apple đã thiết kế một bộ bánh xe xoay bằng thép không gỉ cho những ai muốn dùng chúng để thay thế cho bộ chân đế.\r\n\r\nKết\r\n\r\nVới chiếc Mac Pro mới này, Apple đã quay trở lại làm những gì họ làm tốt nhất bằng cách cân bằng những công thức chuẩn và những gì họ từng thử với công nghệ và kỹ thuật mới.\r\n\r\nMẫu máy tính này có thể không dành cho đại đa số người dùng nhưng nó khẳng định lại cam kết của Apple với mảng máy tính để bàn. Tuy nhiên, đáng buồn là nó lại giống như một lời chia tay của huyền thoại thiết kế Jony Ive khi mới đây ông đã tuyên bố rời khỏi Apple.', '2019-06-29', 2, 'http://genk.vn/chi-tiet-thiet-ke-mac-pro-2019-san-pham-cuoi-cung-cua-jony-ive-tai-apple-20190628130056968.chn', 1, NULL, '2019-07-03 12:25:04'),
(31, 8, 28, 'Sau khi Jony Ive nghỉ việc, giá trị vốn hóa Apple sụt giảm 8 tỷ USD', 'apple-ive-jony-15616829885421150688884.png', 'Dù sau đó mức giảm này đã được phục hồi, nhưng nó cho thấy vị trí đáng kể của Jony Ive đối với Apple.', 'Trong vài giờ sau khi nhà thiết kế trưởng của Apple, Jony Ive thông báo sẽ rời khỏi công ty, giá cổ phiếu của Apple đã giảm một khoảng đáng kể.\r\n\r\nĐiều đáng chú ý là từ đầu năm đến nay, nhóm thiết kế huyền thoại của Apple, bao gồm những người đã gắn kết chặt chẽ và cộng tác với nhau từ nhiều thập kỷ nay, đã có 4 người rời đi (nếu tính cả Jony Ive). Nếu tính cả từ năm 2016, đã có tổng cộng 6 người rời đi.\r\n\r\nSau khi thông tin Jony Ive rời đi được đưa ra, giá cổ phiếu Apple giảm 0,87% trong vài giờ giao dịch sau đó – mức giảm tưởng chừng như không nhiều nhưng với quy mô của Apple, con số này nghĩa là 8 tỷ USD giá trị thị trường của Apple đã biến mất. Tuy nhiên đến cuối ngày giao dịch, mức sụt giảm này đã được phục hồi phần nào. Kết quả giá cổ phiếu của Apple chỉ giảm nhẹ 0,03%, với giá trị vốn hóa ở mức khoảng 919 tỷ USD.\r\n\r\nSau khi Jony Ive nghỉ việc, giá trị vốn hóa Apple sụt giảm 8 tỷ USD - Ảnh 1.\r\n\r\nTrong tuyên bố ngày thứ Năm vừa qua, CEO Apple Tim Coook đã trấn an nhân viên và các nhà đầu tư rằng mối quan hệ của công ty với Ive – người đã tham gia vào thiết kế cho vô số sản phẩm của Apple, bao gồm cả iPhone và iMac – vẫn rất gắn bó. Ive sẽ thành lập một công ty thiết kế riêng của mình, có tên LoveFrom và cho biết, Apple sẽ là một trong các khách hàng chính của họ.\r\n\r\nÔng Tim Cook cho biết: \"Apple sẽ tiếp tục hưởng lợi từ tài năng của Jony bằng cách làm việc trực tiếp với anh ấy trong các dự án độc quyền, và thông qua việc hợp tác liên tục với đội ngũ thiết kế xuất sắc và đầy đam mê mà anh ấy đã gây dựng. Sau nhiều năm làm việc chặt chẽ cùng nhau, tôi rất vui vì mối quan hệ của chúng tôi tiếp tục phát triển và tôi hướng đến việc hợp tác lâu dài với Jony trong tương lai.\"\r\n\r\nVới kết quả giao dịch cổ phiếu ở trên, có thể thấy các nhà đầu tư không quá hoảng hốt trước thông tin này, khi biên độ thay đổi vẫn tương đối khiêm tốn, nhưng rõ ràng nó cho thấy phố Wall đã chú ý đến động thái này.', '2019-06-29', 4, 'http://genk.vn/sau-khi-jony-ive-nghi-viec-gia-tri-von-hoa-apple-sut-giam-8-ty-usd-20190628080117858.chn', 1, NULL, NULL),
(32, 9, 28, 'Samsung đang phát triển Galaxy Fold thế hệ 2 với màn hình lớn hơn, kèm bút S-Pen', 'samsung-galaxy-fold-video-15615751299661048718760.jpg\r\nsamsung-galaxy-fold-official-1561575722435170169993.jpg', 'Phiên bản 1 còn chưa bán ra, Samsung đã phát triển phiên bản 2.', '2019 chưa bao giờ được xem là năm các thiết bị di động màn hình gập sẽ trở nên phổ biến, nhưng ít nhất, chúng ta cũng kỳ vọng sẽ được thấy một vài thiết bị như vậy được bán ra trên thị trường với số lượng có hạn tại các thị trường trọng điểm toàn cầu vào cuối mùa hè. Nhưng cuối cùng, điều đó có thể sẽ không xảy ra với cả Samsung Galaxy Fold lẫn Huawei Mate X; và cho dù chiếc Galaxy Fold đang gặp vô số vấn đề liên quan chất lượng sản phẩm, buộc hãng phải trì hoãn thời gian ra mắt đến một thời điểm chưa xác định, tin đồn về phiên bản tiếp theo của nó đã bắt đầu xuất hiện.\r\n\r\nMới nghe qua, bạn sẽ thấy chẳng hợp lý chút nào khi Samsung phát triển một chiếc Galaxy Fold thế hệ 2 trước cả khi thế hệ đầu thực sự ổn định về hiệu năng và thiết kế, sẵn sàng đến tay người dùng. Nhưng mọi người, từ các nhà sản xuất smartphone đến các công ty nghiên cứu thị trường dường như đều đồng ý rằng thiết kế màn hình gập là tương lai của một ngành công nghiệp đã và đang không gặt hái được mấy thành công trong vài năm trở lại đây.\r\n\r\nChính vì thế, chúng ta chẳng nên ngạc nhiên nếu Samsung lên kế hoạch tung ra thị trường nhiều thế hệ Galaxy Fold. Những thách thức trong quá trình sản xuất không sớm thì muộn cũng sẽ được giải quyết, và lúc đó, công ty cần phải được chuẩn bị sẵn sàng để bước vào giai đoạn tiếp theo của sự bùng nổ smartphone màn hình gập.\r\n\r\nMàn hình lớn hơn, kiểu gập như cũ, và một nâng cấp được chào đón\r\n\r\nSamsung đang phát triển Galaxy Fold thế hệ 2 với màn hình lớn hơn, kèm bút S-Pen - Ảnh 1.\r\n\r\nCó nhiều tin đồn trái ngược nhau xoay quanh chiếc Galaxy Fold 2. Một bản tin từ tờ The Elec đã đưa ra thông tin hoàn toàn trái ngược với những gì tờ ETNews đã tiết lộ. Giả thuyết ở đây là, sẽ thế nào nếu cả hai thiết bị được đồn đại đều thực sự là những phiên bản Galaxy Fold 2 đang được phát triển? Chúng ta đang nói đến một mẫu máy nhỏ hơn, màn hình 6.7-inch, với hình thức gập tương tự chiếc Motorola Razr ngày xưa, và một phiên bản lớn hơn, màn hình 8-inch, với hình thức gập tương tự Galaxy Fold thế hệ đầu. Thiết bị màn hình 8-inch này sẽ có màn hình nhỏ bên ngoài kích thước 4.6-inch.\r\n\r\nKhông may là chúng ta không biết liệu Galaxy Fold 2 sẽ có màn hình ngoài tương tự hay lớn hơn thế hệ trước? Chúng ta chỉ \"biết\" là Samsung có dự định hỗ trợ bút S-Pen đối với chiếc Galaxy Fold cỡ lớn nói trên, tức về cơ bản biến nó thành một chiếc Note 10 màn hinh gập. Không hiểu tại sao Samsung không làm điều đó ngay từ thế hệ 1, nhưng dù sao muộn còn hơn không bao giờ!\r\n\r\nChiếc Galaxy Fold thế hệ đầu có bị hủy bỏ?\r\n\r\nMột thông tin khá thú vị là Galaxy Fold 2 hiện được cho là sẽ ra mắt trong tháng 12/2019 hoặc \"muộn nhất là đầu năm sau\". Nếu Samsung tuân thủ lịch trình đó, thì không rõ thời điểm Galaxy Fold thế hệ đầu được tung ra thị trường trở lại sẽ là lúc nào?\r\n\r\nSamsung đang phát triển Galaxy Fold thế hệ 2 với màn hình lớn hơn, kèm bút S-Pen - Ảnh 2.\r\n\r\nXét khá nhiều dư luận hoài nghi xoay quanh thiết kế lỗi của Galaxy Fold, giải pháp tốt nhất có lẽ là...hủy bỏ nó và chuyển toàn lực cho một sản phẩm cải tiến hơn, với màn hình chính lớn hơn và hỗ trợ S-Pen. Tuy nhiên, Samsung có lẽ không muốn đầu hàng trước đối thủ Huawei, nên vẫn có khả năng công ty sẽ tung ra một lượng nhỏ Galaxy Fold vào tháng 8 hoặc tháng 9, sau đó tiếp tục chuyển sang thế hệ 2.', '2019-06-29', 4, 'http://genk.vn/samsung-dang-phat-trien-galaxy-fold-the-he-2-voi-man-hinh-lon-hon-kem-but-s-pen-20190627004352468.chn', 1, NULL, '2019-07-03 11:29:15'),
(33, 9, 28, 'Samsung đang phát triển smartphone màn hình gập kiểu vỏ sò, kích thước 6.7 inch, ra mắt năm 2020', 'photo-1-1561512799777301161182.jpg', 'Sự cố với Galaxy Fold không hề khiến Samsung nản lòng.', 'Theo truyền thông Hàn Quốc, Samsung đang phát triển một mẫu smartphone màn hình gập theo kiểu vỏ sò. Nó sẽ gập theo chiều ngang và có màn hình OLED 6.7 inch. Hơn nữa, thông tin rò rỉ còn cho thấy mẫu smartphone này sẽ ra mắt ngay trong năm 2020.\r\n\r\nThông tin về mẫu smartphone màn hình gập kiểu vỏ sò đã xuất hiện từ cách đây khá lâu. Màn hình 6.7 inch sẽ có một nếp gấp ngang giữa thân máy. Cách tiếp cận mới này giúp thiết bị nằm gọn trong túi người dùng ngay cả ở chế độ mở. Kích thước tổng thể của nó sẽ giảm đi rất nhiều so với Galaxy Fold.\r\n\r\nSamsung đang phát triển smartphone màn hình gập kiểu vỏ sò, kích thước 6.7 inch, ra mắt năm 2020 - Ảnh 1.\r\n\r\nBên cạnh đó, máy sẽ có màn hình phụ 1 inch để hiển thị các thông tin hữu ích hoặc thông báo.\r\n\r\nSamsung trình làng Galaxy Fold, smartphone màn hình gập đầu tiên vào tháng 2, tại MWC 2019. Gã khổng lồ Hàn Quốc dự tính bán ra Galaxy Fold từ 26/4 nhưng cuối cùng đã phải hoãn lại bởi những sự cố liên quan tới chất lượng màn hình.\r\n\r\nHiện tại, vẫn chưa rõ khi nào Galaxy Fold mới lên kệ trở lại. Tuy nhiên, rõ ràng sự cố với Galaxy Fold không thể ngăn cản Samsung tiếp tục theo đuổi các thiết kế màn hình gập, vốn được coi là tương lai của ngành di động.', '2019-06-29', 11, 'http://genk.vn/samsung-dang-phat-trien-smartphone-man-hinh-gap-kieu-vo-so-kich-thuoc-67-inch-ra-mat-nam-2020-20190626083551061.chn', 1, NULL, '2019-07-05 00:28:12'),
(45, 2, 28, 'abc', '4K-Avengers-Endgame-Background-HD-Wallpaper-40014.jpg', 'abc', 'abc', '2019-07-03', 0, 'abc', 1, '2019-07-03 20:21:49', '2019-07-06 09:29:23');

-- --------------------------------------------------------

--
-- Cấu trúc bảng cho bảng `article_status`
--

CREATE TABLE `article_status` (
  `id` int(11) NOT NULL,
  `name` text NOT NULL,
  `created` timestamp NULL DEFAULT NULL,
  `modified` timestamp NULL DEFAULT NULL
) ENGINE=InnoDB DEFAULT CHARSET=utf8;

--
-- Đang đổ dữ liệu cho bảng `article_status`
--

INSERT INTO `article_status` (`id`, `name`, `created`, `modified`) VALUES
(1, 'Đã duyệt', NULL, NULL),
(2, 'Chờ duyệt', NULL, NULL),
(3, 'Đã xoá', NULL, NULL);

-- --------------------------------------------------------

--
-- Cấu trúc bảng cho bảng `categories`
--

CREATE TABLE `categories` (
  `id` int(11) NOT NULL,
  `parent_id` int(11) DEFAULT NULL,
  `name` varchar(255) NOT NULL,
  `description` varchar(255) NOT NULL,
  `status` tinyint(2) NOT NULL,
  `created` timestamp NULL DEFAULT NULL,
  `modified` timestamp NULL DEFAULT NULL
) ENGINE=InnoDB DEFAULT CHARSET=utf8;

--
-- Đang đổ dữ liệu cho bảng `categories`
--

INSERT INTO `categories` (`id`, `parent_id`, `name`, `description`, `status`, `created`, `modified`) VALUES
(1, 0, 'Điện thoại', 'Tin tức về các sản phẩm từ giá rẻ cho đến cao cấp từ mọi hãng Smartphone hàng đầu hiện tại như Apple, Samsung,...', 1, NULL, NULL),
(2, 0, 'Máy tính', 'Tin tức về cả desktop lẫn laptop, các công nghệ được sử dụng bên trong, tin tức về từng thương hiệu, thành công, thất bại trong từng sản phẩm.', 1, NULL, NULL),
(3, 0, 'Máy ảnh', 'Tin tức về máy ảnh mới nhất từ các ông lớn trong lĩnh vực này như Sony, Canon, Nikon...', 1, NULL, NULL),
(4, 0, 'Nghe', 'Tin tức về các thiết bị âm thanh kĩ thuật số hiện đại nhất.', 1, NULL, NULL),
(5, 0, 'Nhìn', 'Tin tức về các thiết bị hiển thị hình ảnh, ví dụ như: màn hình, TV,...Công nghệ hình ảnh của Việt Nam cũng như thế giới.', 1, NULL, NULL),
(6, 0, 'Phụ kiện số', 'Tin tức về các thiết bị phụ kiện, hỗ trợ, mở rộng cho các thiết bị công nghệ chính.', 1, NULL, NULL),
(7, 0, 'Đồ chơi công nghệ', 'Tin tức mới nhất về những món đồ chơi đắt đỏ với công nghệ cực cao được tạo ra bởi công nghệ hiện đại nhất thời điểm này.', 1, NULL, NULL),
(8, 1, 'Apple', 'Tin tức về Apple.', 1, NULL, NULL),
(9, 1, 'Samsung', 'Tin tức về Samsung.', 1, NULL, NULL),
(10, 1, 'Xiaomi', 'Tin tức về Xiaomi.', 1, NULL, NULL),
(11, 1, 'Huawei', 'Tin tức về Huawei.', 1, NULL, NULL),
(12, 1, 'VSmart', 'Tin tức về VSmart.', 1, NULL, NULL),
(13, 2, 'Desktop', 'Tin tức về desktop.', 1, NULL, NULL),
(14, 2, 'Laptop', 'Tin tức về laptop.', 1, NULL, NULL),
(15, 3, 'Canon', 'Tin tức về Canon.', 1, NULL, NULL),
(16, 3, 'Kodak', 'Tin tức về Kodak.', 1, NULL, NULL),
(17, 3, 'Nikon', 'Tin tức về Nikon.', 1, NULL, NULL),
(21, 0, 'asfdad', 'dfs', 1, NULL, NULL);

-- --------------------------------------------------------

--
-- Cấu trúc bảng cho bảng `comments`
--

CREATE TABLE `comments` (
  `id` int(11) NOT NULL,
  `user_id` int(11) NOT NULL,
  `article_id` int(11) NOT NULL,
  `content` text NOT NULL,
  `comment_date` date NOT NULL,
  `status` tinyint(2) NOT NULL,
  `modified` timestamp NULL DEFAULT NULL
) ENGINE=InnoDB DEFAULT CHARSET=utf8;

--
-- Đang đổ dữ liệu cho bảng `comments`
--

INSERT INTO `comments` (`id`, `user_id`, `article_id`, `content`, `comment_date`, `status`, `modified`) VALUES
(1, 1, 1, 'Hay vãi chưởng...', '2019-06-12', 1, NULL),
(2, 1, 2, 'Dở vl!!!', '2019-06-13', 1, NULL),
(3, 2, 1, 'Ghê..............', '2019-06-13', 1, NULL),
(4, 1, 1, 'abcxyz', '2019-06-13', 1, NULL),
(5, 1, 1, 'hay vc', '2019-06-13', 1, NULL),
(6, 1, 1, 'hay vc', '2019-06-13', 1, NULL),
(7, 1, 1, 'huỳnh ngọc tấn', '2019-06-13', 1, NULL),
(8, 1, 2, 'abcxyz', '2019-06-13', 1, NULL),
(9, 1, 1, 'tân cụt', '2019-06-13', 1, NULL),
(10, 1, 1, 'nguyễn minh tân', '2019-06-13', 1, NULL),
(11, 1, 1, 'abc', '2019-06-14', 1, NULL),
(12, 1, 2, 'Hihi hehe', '2019-06-14', 1, NULL),
(13, 1, 2, 'hnt', '2019-06-16', 1, NULL),
(14, 1, 2, 'hguyfasf', '2019-06-16', 1, NULL),
(15, 1, 2, 'abc', '2019-06-17', 1, NULL),
(16, 1, 2, 'abc', '2019-06-17', 1, NULL),
(17, 1, 15, 'abc', '2019-06-19', 1, NULL),
(18, 1, 18, 'gshdfghsgadf', '2019-06-19', 1, NULL),
(19, 1, 1, 'ádasfsf', '2019-06-21', 1, NULL),
(20, 1, 3, 'hay quá>>>>>', '2019-06-21', 1, NULL),
(21, 1, 13, '', '2019-06-25', 1, NULL),
(22, 1, 13, 'hnt', '2019-06-25', 1, NULL),
(23, 1, 1, 'ầ', '2019-06-26', 1, NULL),
(24, 1, 1, 'gsdfgsdfgsdgf', '2019-06-26', 1, NULL),
(25, 1, 14, 'hnt\r\n', '2019-06-26', 1, NULL),
(26, 1, 14, 'abc', '2019-06-26', 1, NULL),
(27, 1, 14, 'xyz', '2019-06-26', 1, NULL),
(28, 1, 14, 'hahaa', '2019-06-26', 1, NULL),
(29, 1, 14, 'ádfasdf', '2019-06-26', 1, NULL),
(30, 1, 14, 'sdafsadf', '2019-06-26', 1, NULL),
(31, 120, 33, 'sfsdf', '2019-07-02', 1, NULL),
(32, 120, 33, 'sfsdf', '2019-07-02', 1, NULL),
(33, 120, 33, 'sdfsdf', '2019-07-02', 1, NULL),
(34, 120, 33, 'hay', '2019-07-02', 1, NULL),
(35, 120, 33, 'sàdasfd', '2019-07-02', 1, NULL),
(36, 120, 33, 'àd', '2019-07-02', 1, NULL),
(37, 120, 33, 'hvvv', '2019-07-02', 1, NULL),
(38, 120, 33, 'sdfsdf', '2019-07-02', 1, NULL),
(39, 120, 33, 'hay', '2019-07-02', 1, NULL),
(40, 120, 33, 'hay đấy', '2019-07-02', 1, NULL),
(41, 120, 33, 'hay thế', '2019-07-02', 1, NULL),
(42, 120, 33, 'ok', '2019-07-02', 1, NULL),
(43, 120, 33, 'hay', '2019-07-02', 1, NULL),
(44, 120, 33, 'àd', '2019-07-02', 1, NULL),
(45, 120, 33, 'abc', '2019-07-02', 1, NULL),
(46, 120, 33, 'sadads', '2019-07-02', 1, NULL),
(47, 120, 33, 'ádasd', '2019-07-02', 1, NULL),
(48, 120, 33, 'ádad', '2019-07-02', 1, NULL),
(49, 120, 33, 'ádasdasdasd', '2019-07-02', 1, NULL),
(50, 120, 33, 'ádasd', '2019-07-02', 1, NULL),
(51, 120, 33, 'ádasd', '2019-07-02', 1, NULL),
(52, 120, 33, 'ádasd', '2019-07-02', 1, NULL),
(53, 120, 33, 'ádasd', '2019-07-02', 1, NULL),
(54, 120, 33, 'ádasd', '2019-07-02', 1, NULL),
(55, 120, 32, 'hay đấy', '2019-07-02', 1, NULL),
(56, 120, 32, 'ádasd', '2019-07-02', 1, NULL),
(57, 120, 32, 'ádasd', '2019-07-02', 1, NULL),
(58, 120, 32, 'hkhjk', '2019-07-02', 1, NULL),
(59, 120, 32, 'ádasd', '2019-07-02', 1, NULL),
(60, 120, 32, 'dfgdfg', '2019-07-02', 1, NULL),
(61, 120, 32, 'hay', '2019-07-02', 1, NULL);

-- --------------------------------------------------------

--
-- Cấu trúc bảng cho bảng `feedbacks`
--

CREATE TABLE `feedbacks` (
  `id` int(11) NOT NULL,
  `user_id` int(11) NOT NULL,
  `content` text NOT NULL,
  `feedback_date` date NOT NULL,
  `modified` timestamp NULL DEFAULT NULL
) ENGINE=InnoDB DEFAULT CHARSET=utf8;

--
-- Đang đổ dữ liệu cho bảng `feedbacks`
--

INSERT INTO `feedbacks` (`id`, `user_id`, `content`, `feedback_date`, `modified`) VALUES
(1, 1, 'nội dung không rõ ràng', '2019-06-15', NULL),
(2, 2, 'web tệ...', '2019-06-15', NULL),
(3, 2, 'web như loằng', '2019-06-15', NULL),
(4, 2, 'cần học hỏi thêm về code web nhé', '2019-06-15', NULL),
(5, 2, 'lởm', '2019-06-16', NULL);

-- --------------------------------------------------------

--
-- Cấu trúc bảng cho bảng `informations`
--

CREATE TABLE `informations` (
  `id` int(11) NOT NULL,
  `introduce` text DEFAULT NULL,
  `facebook` varchar(255) DEFAULT NULL,
  `instagram` varchar(255) DEFAULT NULL,
  `youtube` varchar(255) DEFAULT NULL,
  `phone` int(10) DEFAULT NULL,
  `mail` varchar(255) DEFAULT NULL,
  `logo` varchar(255) DEFAULT NULL,
  `background` varchar(255) DEFAULT NULL,
  `thumbnail1` varchar(255) DEFAULT NULL,
  `thumbnail2` varchar(255) DEFAULT NULL,
  `created` timestamp NULL DEFAULT NULL,
  `modified` timestamp NULL DEFAULT NULL
) ENGINE=InnoDB DEFAULT CHARSET=utf8;

--
-- Đang đổ dữ liệu cho bảng `informations`
--

INSERT INTO `informations` (`id`, `introduce`, `facebook`, `instagram`, `youtube`, `phone`, `mail`, `logo`, `background`, `thumbnail1`, `thumbnail2`, `created`, `modified`) VALUES
(1, 'Cung cấp thông tin bạn cần tìm một cách nhanh chóng nhất, chính xác nhất.  Chúng tôi chân thành cảm ơn bạn đã tin tưởng Tech-E magazine.', 'https://www.facebook.com/hnt28101998', 'https://www.instagram.com/hnt.2810/', 'https://www.youtube.com/channel/UCYr-aG2dsCbLrr4TLlgS19Q', 367885549, 'ckc@gmail.com', 'logo-TechE.png', 'thumnail_iron_man.jpg', 'https://ui-ex.com/images/ironman-drawing-face-2.png', 'https://pngmafia.net/image/2019/03/iron-man-png-images-free-HD-Ironman-transparent-background-84-300x200.png', NULL, NULL);

-- --------------------------------------------------------

--
-- Cấu trúc bảng cho bảng `permissions`
--

CREATE TABLE `permissions` (
  `id` int(11) NOT NULL,
  `name` varchar(50) NOT NULL,
  `controller` varchar(30) NOT NULL,
  `status` tinyint(2) DEFAULT 0,
  `created` timestamp NULL DEFAULT NULL ON UPDATE current_timestamp(),
  `modified` timestamp NULL DEFAULT NULL
) ENGINE=InnoDB DEFAULT CHARSET=utf8;

--
-- Đang đổ dữ liệu cho bảng `permissions`
--

INSERT INTO `permissions` (`id`, `name`, `controller`, `status`, `created`, `modified`) VALUES
(0, 'index', 'Pages', 1, NULL, NULL),
(1, 'add', 'Users', 1, '2019-05-20 20:21:07', NULL),
(2, 'delete', 'Users', 1, '2019-05-20 22:06:02', NULL),
(3, 'update', 'Users', 1, '2019-05-20 22:06:03', NULL),
(4, 'view', 'Users', 1, '2019-05-20 22:06:05', NULL),
(5, 'register', 'Users', 1, '2019-05-20 22:06:06', NULL),
(6, 'viewDetail', 'Users', 1, '2019-05-23 16:28:07', NULL),
(7, 'add', 'Roles', 1, '2019-05-23 16:27:59', NULL),
(8, 'delete', 'Roles', 1, '2019-05-23 16:27:55', NULL),
(9, 'update', 'Roles', 1, '2019-05-23 16:27:53', NULL),
(10, 'view', 'Roles', 1, '2019-05-23 16:27:50', NULL),
(11, 'viewDetail', 'Roles', 1, '2019-05-23 16:30:52', NULL),
(12, 'add', 'Permissions', 1, '2019-05-23 16:30:41', NULL),
(13, 'delete', 'Permissions', 1, '2019-05-23 16:30:36', NULL),
(14, 'update', 'Permissions', 1, '2019-05-23 16:30:34', NULL),
(15, 'view', 'Permissions', 1, '2019-05-23 16:30:30', NULL),
(16, 'viewDetail', 'Permissions', 1, '2019-05-23 16:30:54', NULL);

-- --------------------------------------------------------

--
-- Cấu trúc bảng cho bảng `roles`
--

CREATE TABLE `roles` (
  `id` int(11) NOT NULL,
  `name` varchar(50) NOT NULL,
  `allow_action_ids` text DEFAULT NULL,
  `status` tinyint(2) DEFAULT 0,
  `created` timestamp NULL DEFAULT NULL ON UPDATE current_timestamp(),
  `modified` timestamp NULL DEFAULT NULL
) ENGINE=InnoDB DEFAULT CHARSET=utf8;

--
-- Đang đổ dữ liệu cho bảng `roles`
--

INSERT INTO `roles` (`id`, `name`, `allow_action_ids`, `status`, `created`, `modified`) VALUES
(1, 'Quản trị viên', 'all', 1, '2019-06-29 05:46:09', NULL),
(2, 'Kiểm duyệt viên', '1,2,3,4,6,0', 1, '2019-06-29 05:46:22', '2019-05-23 21:47:26'),
(3, 'Đọc giả', '6', 1, '2019-06-29 05:46:27', NULL),
(4, 'Nhà báo', NULL, 1, NULL, NULL);

-- --------------------------------------------------------

--
-- Cấu trúc bảng cho bảng `searches`
--

CREATE TABLE `searches` (
  `id` int(11) NOT NULL,
  `keyword` varchar(255) NOT NULL,
  `times` int(11) NOT NULL,
  `created` timestamp NULL DEFAULT NULL,
  `modified` timestamp NULL DEFAULT NULL
) ENGINE=InnoDB DEFAULT CHARSET=utf8;

--
-- Đang đổ dữ liệu cho bảng `searches`
--

INSERT INTO `searches` (`id`, `keyword`, `times`, `created`, `modified`) VALUES
(1, 'thêm', 8, NULL, NULL),
(2, 'abc', 1, NULL, NULL),
(3, 'huỳnh ngọc tấn', 3, NULL, NULL),
(4, 'them mot sao han', 2, NULL, NULL),
(5, 'su dung ma tuy', 9, NULL, NULL),
(6, '2m', 1, NULL, NULL),
(7, 'còn', 3, NULL, NULL),
(8, 'sao', 3, NULL, NULL),
(9, 'Huỳnh', 2, NULL, NULL),
(10, 'ágfgsdf', 3, NULL, NULL),
(11, 'apple', 1, NULL, NULL),
(12, 'tai nghe', 24, NULL, NULL),
(13, 'sádfasfd', 1, NULL, NULL),
(14, 'âsf', 1, NULL, NULL);

-- --------------------------------------------------------

--
-- Cấu trúc bảng cho bảng `users`
--

CREATE TABLE `users` (
  `id` int(11) NOT NULL,
  `email` varchar(255) NOT NULL,
  `password` varchar(255) NOT NULL,
  `fullname` varchar(255) NOT NULL,
  `birthday` date NOT NULL,
  `gender` varchar(3) NOT NULL,
  `avatar` varchar(255) DEFAULT 'NULL',
  `facebook` varchar(255) DEFAULT 'NULL',
  `instagram` varchar(255) DEFAULT 'NULL',
  `role_id` int(11) NOT NULL,
  `status` tinyint(2) NOT NULL DEFAULT 0,
  `modified` timestamp NULL DEFAULT current_timestamp(),
  `created` timestamp NULL DEFAULT current_timestamp()
) ENGINE=InnoDB DEFAULT CHARSET=utf8;

--
-- Đang đổ dữ liệu cho bảng `users`
--

INSERT INTO `users` (`id`, `email`, `password`, `fullname`, `birthday`, `gender`, `avatar`, `facebook`, `instagram`, `role_id`, `status`, `modified`, `created`) VALUES
(1, 'hnt@gmail.com', '$2y$10$KOFo0Dckat.8A1XnFqKoNOtDm4pJygqXJUCto9co09id7sV0LyYmq', 'Huỳnh Ngọc Tấn', '2000-06-04', 'Nam', 'IPrKugZmmpxsNpm-400x400-noPad.jpg', 'https://www.facebook.com/hnt28101998', 'https://www.instagram.com/hnt.2810/', 1, 1, '2019-06-30 10:14:45', '2019-06-02 17:00:00'),
(2, 'tpt@gmail.com', '$2y$10$KOFo0Dckat.8A1XnFqKoNOtDm4pJygqXJUCto9co09id7sV0LyYmq', 'Trần Phương Thái', '1985-06-03', 'Nữ', '04-captain-america-age-of-ultron.w529.h529-529x506.jpg', '', '', 1, 1, '2019-06-30 10:15:56', '2019-06-01 17:00:00'),
(4, 'joker@gmail.com', '$2y$10$KOFo0Dckat.8A1XnFqKoNOtDm4pJygqXJUCto9co09id7sV0LyYmq', 'Joker', '1990-06-16', 'Nam', 'Thor-The-Dark-World-tablet-wallpapers-4-400x400.jpg', '', '', 2, 1, '2019-06-30 10:16:18', '2019-06-15 17:00:00'),
(5, 'naruto@gmail.com', '$2y$10$KOFo0Dckat.8A1XnFqKoNOtDm4pJygqXJUCto9co09id7sV0LyYmq', 'Naruto', '1992-06-10', 'Nữ', 'CaptainMarvel-Feature-400x400.jpg', '', '', 3, 1, '2019-06-30 10:16:40', '2019-06-26 23:55:28'),
(28, 'sasuke@gmail.com', '$2y$10$KOFo0Dckat.8A1XnFqKoNOtDm4pJygqXJUCto9co09id7sV0LyYmq', 'Sasuke', '1998-06-04', 'Nam', '139827.jpg', '', '', 4, 1, '2019-06-30 10:17:02', '2019-06-27 11:23:02'),
(101, 'zoro@gmail.com', '$2y$10$KOFo0Dckat.8A1XnFqKoNOtDm4pJygqXJUCto9co09id7sV0LyYmq', 'Zoro Sensei', '2001-06-03', 'Nữ', '166541.jpg', NULL, NULL, 4, 1, '2019-07-02 16:08:10', NULL),
(102, 'kakashi@gmail.com', '$2y$10$KOFo0Dckat.8A1XnFqKoNOtDm4pJygqXJUCto9co09id7sV0LyYmq', 'Hakate Kakashi', '1996-06-03', 'Nam', 'bvUhHVtcMTmTlMj-400x400-noPad.jpg', NULL, NULL, 4, 1, '2019-06-30 10:49:03', NULL),
(103, 'luffy@gmail.com', '$2y$10$4MML8vlOPe0rM6Qr0M4MeOoG6qJQEDmm4XOuwoC1Asl2InQq8uW6e', 'Monkey D Luffy', '2019-06-11', 'Nam', 'ZYhVkgFFCQdoLhY-400x400-noPad.jpg', 'NULL', 'NULL', 3, 0, '2019-06-30 10:49:14', '2019-06-30 16:07:19'),
(120, 'tony@gmail.com', '$2y$10$oGiOm6ow4rMVeeSiaIw4R.Ul592IUsKFlsBK7oTIovHkrFFvLLyPO', 'Tony Stark', '1998-06-30', 'Nam', 'miles-morales-spiderman-into-the-spiderverse-uhdpaper.com-4K-35.jpg', 'NULL', 'NULL', 3, 1, '2019-06-30 17:37:41', '2019-06-30 17:37:41'),
(150, 'a@gmail.com', '$2y$10$KOFo0Dckat.8A1XnFqKoNOtDm4pJygqXJUCto9co09id7sV0LyYmq', '', '0000-00-00', '', 'NULL', 'NULL', 'NULL', 4, 0, '2019-07-05 20:02:14', '2019-07-05 20:02:14'),
(151, 'b@gmail.com', '$2y$10$KOFo0Dckat.8A1XnFqKoNOtDm4pJygqXJUCto9co09id7sV0LyYmq', '', '0000-00-00', '', 'NULL', 'NULL', 'NULL', 3, 1, '2019-07-05 20:02:38', '2019-07-05 20:02:38');

--
-- Chỉ mục cho các bảng đã đổ
--

--
-- Chỉ mục cho bảng `articles`
--
ALTER TABLE `articles`
  ADD PRIMARY KEY (`id`),
  ADD KEY `status_id` (`status_id`),
  ADD KEY `user_id` (`user_id`),
  ADD KEY `category_id` (`category_id`);

--
-- Chỉ mục cho bảng `article_status`
--
ALTER TABLE `article_status`
  ADD PRIMARY KEY (`id`);

--
-- Chỉ mục cho bảng `categories`
--
ALTER TABLE `categories`
  ADD PRIMARY KEY (`id`);

--
-- Chỉ mục cho bảng `comments`
--
ALTER TABLE `comments`
  ADD PRIMARY KEY (`id`),
  ADD KEY `user_id` (`user_id`);

--
-- Chỉ mục cho bảng `feedbacks`
--
ALTER TABLE `feedbacks`
  ADD PRIMARY KEY (`id`),
  ADD KEY `user_id` (`user_id`);

--
-- Chỉ mục cho bảng `informations`
--
ALTER TABLE `informations`
  ADD PRIMARY KEY (`id`);

--
-- Chỉ mục cho bảng `permissions`
--
ALTER TABLE `permissions`
  ADD PRIMARY KEY (`id`);

--
-- Chỉ mục cho bảng `roles`
--
ALTER TABLE `roles`
  ADD PRIMARY KEY (`id`);

--
-- Chỉ mục cho bảng `searches`
--
ALTER TABLE `searches`
  ADD PRIMARY KEY (`id`);

--
-- Chỉ mục cho bảng `users`
--
ALTER TABLE `users`
  ADD PRIMARY KEY (`id`),
  ADD KEY `role_id` (`role_id`);

--
-- AUTO_INCREMENT cho các bảng đã đổ
--

--
-- AUTO_INCREMENT cho bảng `articles`
--
ALTER TABLE `articles`
  MODIFY `id` int(11) NOT NULL AUTO_INCREMENT, AUTO_INCREMENT=46;

--
-- AUTO_INCREMENT cho bảng `article_status`
--
ALTER TABLE `article_status`
  MODIFY `id` int(11) NOT NULL AUTO_INCREMENT, AUTO_INCREMENT=4;

--
-- AUTO_INCREMENT cho bảng `categories`
--
ALTER TABLE `categories`
  MODIFY `id` int(11) NOT NULL AUTO_INCREMENT, AUTO_INCREMENT=22;

--
-- AUTO_INCREMENT cho bảng `comments`
--
ALTER TABLE `comments`
  MODIFY `id` int(11) NOT NULL AUTO_INCREMENT, AUTO_INCREMENT=62;

--
-- AUTO_INCREMENT cho bảng `feedbacks`
--
ALTER TABLE `feedbacks`
  MODIFY `id` int(11) NOT NULL AUTO_INCREMENT, AUTO_INCREMENT=6;

--
-- AUTO_INCREMENT cho bảng `informations`
--
ALTER TABLE `informations`
  MODIFY `id` int(11) NOT NULL AUTO_INCREMENT, AUTO_INCREMENT=2;

--
-- AUTO_INCREMENT cho bảng `roles`
--
ALTER TABLE `roles`
  MODIFY `id` int(11) NOT NULL AUTO_INCREMENT, AUTO_INCREMENT=5;

--
-- AUTO_INCREMENT cho bảng `searches`
--
ALTER TABLE `searches`
  MODIFY `id` int(11) NOT NULL AUTO_INCREMENT, AUTO_INCREMENT=15;

--
-- AUTO_INCREMENT cho bảng `users`
--
ALTER TABLE `users`
  MODIFY `id` int(11) NOT NULL AUTO_INCREMENT, AUTO_INCREMENT=152;

--
-- Các ràng buộc cho các bảng đã đổ
--

--
-- Các ràng buộc cho bảng `articles`
--
ALTER TABLE `articles`
  ADD CONSTRAINT `articles_ibfk_1` FOREIGN KEY (`status_id`) REFERENCES `article_status` (`id`),
  ADD CONSTRAINT `articles_ibfk_2` FOREIGN KEY (`user_id`) REFERENCES `users` (`id`),
  ADD CONSTRAINT `articles_ibfk_3` FOREIGN KEY (`category_id`) REFERENCES `categories` (`id`);

--
-- Các ràng buộc cho bảng `comments`
--
ALTER TABLE `comments`
  ADD CONSTRAINT `comments_ibfk_1` FOREIGN KEY (`user_id`) REFERENCES `users` (`id`);

--
-- Các ràng buộc cho bảng `feedbacks`
--
ALTER TABLE `feedbacks`
  ADD CONSTRAINT `feedbacks_ibfk_1` FOREIGN KEY (`user_id`) REFERENCES `users` (`id`);

--
-- Các ràng buộc cho bảng `users`
--
ALTER TABLE `users`
  ADD CONSTRAINT `users_ibfk_1` FOREIGN KEY (`role_id`) REFERENCES `roles` (`id`);
COMMIT;

/*!40101 SET CHARACTER_SET_CLIENT=@OLD_CHARACTER_SET_CLIENT */;
/*!40101 SET CHARACTER_SET_RESULTS=@OLD_CHARACTER_SET_RESULTS */;
/*!40101 SET COLLATION_CONNECTION=@OLD_COLLATION_CONNECTION */;
